Date,BTC-USD,DOGE-USD,ETH-USD,FBTC,FETH,QQQ,VOO,ZEC-USD
2024-03-03,63167.37109375,0.1538359969854354,3490.99365234375,,,,,
2024-03-04,68330.4140625,0.1829099953174591,3630.433837890625,59.27000045776367,,438.6165466308594,457.66650390625,
2024-03-05,63801.19921875,0.1539369970560073,3554.964599609375,54.18000030517578,,430.74359130859375,453.078857421875,
2024-03-06,66106.8046875,0.1577910035848617,3819.226318359375,58.630001068115234,,433.4501953125,455.4796447753906,
2024-03-07,66925.484375,0.1581210047006607,3874.34765625,59.25,,440.0291748046875,459.9895324707031,
2024-03-08,68300.09375,0.1653469949960708,3892.06103515625,60.72999954223633,,433.6774597167969,457.2000427246094,
2024-03-09,68498.8828125,0.1790830045938491,3915.4189453125,,,,,
2024-03-10,69019.7890625,0.1699199974536895,3881.193115234375,,,,,
2024-03-11,72123.90625,0.1819649934768676,4066.445068359375,63.09000015258789,,432.06732177734375,456.8209533691406,
2024-03-12,71481.2890625,0.1681440025568008,3980.273193359375,62.5,,438.2609558105469,461.7098083496094,
2024-03-13,73083.5,0.1691579967737198,4006.45703125,64.4000015258789,,434.8924560546875,461.0100708007813,
2024-03-14,71396.59375,0.1773300021886825,3883.140380859375,60.630001068115234,,433.79595947265625,459.9992370605469,
2024-03-15,69403.7734375,0.1632310003042221,3735.22021484375,60.47999954223633,,428.6395263671875,456.8306884765625,
2024-03-16,65315.1171875,0.1423680037260055,3522.860107421875,,,,,
2024-03-17,68390.625,0.1543300002813339,3642.4130859375,,,,,
2024-03-18,67548.59375,0.1436730027198791,3517.985107421875,58.529998779296875,,432.72760009765625,459.6882629394531,
2024-03-19,61912.7734375,0.1287280023097992,3157.6181640625,56.349998474121094,,433.8057861328125,462.2639465332031,
2024-03-20,67913.671875,0.1521860063076019,3513.39306640625,57.59000015258789,,438.94921875,466.2975158691406,
2024-03-21,65491.390625,0.1552920043468475,3492.9912109375,57.04999923706055,,441.0264587402344,467.8527221679687,
2024-03-22,63778.76171875,0.1527030020952224,3333.68798828125,55.90999984741211,,441.5308837890625,467.24127197265625,
2024-03-23,64062.203125,0.1617680042982101,3336.593994140625,,,,,
2024-03-24,67234.171875,0.1764529943466186,3454.636474609375,,,,,
2024-03-25,69958.8125,0.175366997718811,3590.8837890625,62.20000076293945,,439.9285583496094,466.0321350097656,
2024-03-26,69987.8359375,0.1824859976768493,3587.5048828125,60.79999923706055,,438.5041809082031,464.7255554199219,
2024-03-27,69455.34375,0.1903299987316131,3500.115234375,60.040000915527344,,439.9977722167969,468.7819213867187,
2024-03-28,70744.953125,0.2200559973716735,3561.2939453125,62.060001373291016,,439.1866455078125,468.7234191894531,
2024-03-29,69892.828125,0.2134909927845001,3511.80615234375,,,,,
2024-03-30,69645.3046875,0.1994339972734451,3507.9443359375,,,,,
2024-03-31,71333.6484375,0.2200639992952346,3647.8564453125,,,,,
2024-04-01,69702.1484375,0.2055699974298477,3505.030029296875,61.029998779296875,,440.1164855957031,468.109130859375,
2024-04-02,65446.97265625,0.1823039948940277,3277.234619140625,57.65999984741211,,436.3181457519531,465.0473327636719,
2024-04-03,65980.8125,0.1755470037460327,3311.44189453125,57.59000015258789,,437.2973937988281,465.4665832519531,
2024-04-04,68508.84375,0.1799259930849075,3330.04052734375,59.93000030517578,,430.61083984375,459.733154296875,
2024-04-05,67837.640625,0.1775179952383041,3318.88525390625,58.939998626708984,,435.68511962890625,464.6182861328125,
2024-04-06,68896.109375,0.1859509944915771,3354.183837890625,,,,,
2024-04-07,69362.5546875,0.1991080045700073,3453.49462890625,,,,,
2024-04-08,71631.359375,0.2026399970054626,3695.292724609375,62.83000183105469,,435.813720703125,464.8035583496094,
2024-04-09,69139.015625,0.1890009939670562,3505.163330078125,60.310001373291016,,437.426025390625,465.3788757324219,
2024-04-10,70587.8828125,0.19998399913311,3543.737060546875,61.33000183105469,,433.60791015625,460.8739929199219,
2024-04-11,70060.609375,0.1940110027790069,3505.247802734375,61.689998626708984,,440.5318908691406,464.1990661621094,
2024-04-12,67195.8671875,0.1745969951152801,3243.034912109375,58.5099983215332,,433.5090026855469,457.8706970214844,
2024-04-13,63821.47265625,0.1531679928302765,3004.900390625,,,,,
2024-04-14,65738.7265625,0.1622850000858307,3156.94189453125,,,,,
2024-04-15,63426.2109375,0.1613689959049224,3101.600341796875,55.36000061035156,,426.3773193359375,452.05914306640625,
2024-04-16,63811.86328125,0.1559890061616897,3084.920166015625,54.88999938964844,,426.41693115234375,451.2498779296875,
2024-04-17,61276.69140625,0.1476050019264221,2984.7275390625,53.29999923706055,,421.2140197753906,448.5293884277344,
2024-04-18,63512.75390625,0.1524479985237121,3066.027587890625,55.59000015258789,,418.8104248046875,447.5055236816406,
2024-04-19,63843.5703125,0.1562680006027221,3059.278564453125,56.31999969482422,,410.1455993652344,443.7612609863281,
2024-04-20,64994.44140625,0.1628270000219345,3157.627197265625,,,,,
2024-04-21,64926.64453125,0.1582600027322769,3147.28857421875,,,,,
2024-04-22,66837.6796875,0.1611939966678619,3201.652099609375,58.22999954223633,,414.2703247070313,447.6128234863281,
2024-04-23,66407.2734375,0.1599439978599548,3219.91162109375,58.189998626708984,,420.4524536132813,453.258544921875,
2024-04-24,64276.8984375,0.1513539999723434,3139.80517578125,55.900001525878906,,421.8768005371094,452.9270629882813,
2024-04-25,64481.70703125,0.1513939946889877,3156.509521484375,56.61000061035156,,419.8391418457031,451.0548400878906,
2024-04-26,63755.3203125,0.1478369981050491,3130.164794921875,55.75,,426.3179931640625,455.5695190429687,
2024-04-27,63419.140625,0.1477160006761551,3252.168212890625,,,,,
2024-04-28,63113.23046875,0.146698996424675,3262.774658203125,,,,,
2024-04-29,63841.12109375,0.1434919983148574,3215.428955078125,55.08000183105469,,428.0489807128906,457.1588439941406,
2024-04-30,60636.85546875,0.1333270072937011,3012.286865234375,51.68000030517578,,419.97760009765625,449.9335632324219,
2024-05-01,58254.01171875,0.1301340013742447,2969.78466796875,49.720001220703125,,416.94097900390625,448.4708557128906,
2024-05-02,59123.43359375,0.1321060061454773,2988.16845703125,51.93000030517578,,422.2625427246094,452.6539916992187,
2024-05-03,62889.8359375,0.1461459994316101,3103.5419921875,54.380001068115234,,430.7493286132813,458.2705078125,
2024-05-04,63891.47265625,0.1601569950580597,3117.576416015625,,,,,
2024-05-05,64031.1328125,0.1610680073499679,3137.2490234375,,,,,
2024-05-06,63161.94921875,0.1566080003976822,3062.728759765625,55.290000915527344,,435.4674987792969,462.8923950195313,
2024-05-07,62334.81640625,0.150189995765686,3006.5771484375,55.15999984741211,,435.5368041992187,463.5555114746094,
2024-05-08,61187.94140625,0.1432940065860748,2973.6572265625,54.36000061035156,,435.279541015625,463.5749816894531,
2024-05-09,63049.9609375,0.1521169990301132,3036.0205078125,54.65999984741211,,436.2291259765625,466.2369384765625,
2024-05-10,60792.77734375,0.1440310031175613,2909.791259765625,53.04999923706055,,437.2578430175781,466.8122253417969,
2024-05-11,60793.7109375,0.1429239958524704,2911.60205078125,,,,,
2024-05-12,61448.39453125,0.1412310004234314,2928.701904296875,,,,,
2024-05-13,62901.44921875,0.1484339982271194,2949.359619140625,55.2599983215332,,438.2667541503906,466.8414916992187,
2024-05-14,61552.7890625,0.1454190015792846,2881.157958984375,53.86000061035156,,441.0857849121094,469.054931640625,
2024-05-15,66267.4921875,0.1555259972810745,3037.056640625,57.849998474121094,,447.9800720214844,474.76898193359375,
2024-05-16,65231.58203125,0.1496369987726211,2945.131103515625,57.02000045776367,,447.070068359375,473.8621520996094,
2024-05-17,67051.875,0.1555629968643188,3094.11865234375,58.790000915527344,,446.8524475097656,474.5641784667969,
2024-05-18,66940.8046875,0.1530770063400268,3122.948974609375,,,,,
2024-05-19,66278.3671875,0.1491069942712783,3071.843017578125,,,,,
2024-05-20,71448.1953125,0.1656879931688308,3663.85546875,61.41999816894531,,449.96826171875,475.0322265625,
2024-05-21,70136.53125,0.1704739928245544,3789.312744140625,60.599998474121094,,450.8485412597656,476.30963134765625,
2024-05-22,69122.3359375,0.1661629974842071,3737.2177734375,61.09000015258789,,450.7595825195313,474.9249877929687,
2024-05-23,67929.5625,0.1596129983663559,3776.92724609375,58.720001220703125,,448.7318420410156,471.3951416015625,
2024-05-24,68526.1015625,0.1638029962778091,3726.9345703125,60.56999969482422,,452.9751892089844,474.6032104492187,
2024-05-25,69265.9453125,0.1739600002765655,3749.236572265625,,,,,
2024-05-26,68518.09375,0.1662199944257736,3825.8974609375,,,,,
2024-05-27,69394.5546875,0.1690900027751922,3892.0068359375,,,,,
2024-05-28,68296.21875,0.1649619936943054,3840.25634765625,59.83000183105469,,454.6864013671875,474.9834289550781,
2024-05-29,67578.09375,0.1636949926614761,3763.196533203125,58.790000915527344,,451.4816284179687,471.6389465332031,
2024-05-30,68364.9921875,0.1595440059900283,3746.849609375,60.150001525878906,,446.6447448730469,468.4698791503906,
2024-05-31,67491.4140625,0.1591359972953796,3760.026611328125,59.11000061035156,,445.8138732910156,472.5457458496094,
2024-06-01,67706.9375,0.1601999998092651,3813.198974609375,,,,,
2024-06-02,67751.6015625,0.1572010070085525,3780.89599609375,,,,,
2024-06-03,68804.78125,0.158281996846199,3766.38916015625,60.54999923706055,,448.2076416015625,473.0625915527344,
2024-06-04,70567.765625,0.1614499986171722,3812.515869140625,61.66999816894531,,449.43414306640625,473.6378479003906,
2024-06-05,71082.8203125,0.163234993815422,3864.260986328125,62.380001068115234,,458.4946594238281,479.3031005859375,
2024-06-06,70757.1640625,0.1601590067148208,3811.60595703125,61.650001525878906,,458.3363342285156,479.1958312988281,
2024-06-07,69342.5859375,0.1483030021190643,3678.629150390625,60.4900016784668,,457.9308166503906,478.57171630859375,
2024-06-08,69305.7734375,0.1460590064525604,3680.949951171875,,,,,
2024-06-09,69647.9921875,0.1467739939689636,3705.90380859375,,,,,
2024-06-10,69512.28125,0.1447400003671646,3666.717529296875,60.790000915527344,,459.7804870605469,480.14166259765625,
2024-06-11,67332.03125,0.1381040066480636,3498.33056640625,58.95000076293945,,462.9358215332031,481.2337341308594,
2024-06-12,68241.1875,0.1461959928274154,3559.61767578125,59.0,,468.9992370605469,485.2413940429687,
2024-06-13,66756.3984375,0.1410599946975708,3469.28125,58.130001068115234,,471.5413208007813,486.1579284667969,
2024-06-14,66011.09375,0.1349699944257736,3480.27197265625,57.25,,473.9844970703125,486.5480041503906,
2024-06-15,66191.0,0.1365659981966018,3565.549560546875,,,,,
2024-06-16,66639.046875,0.1369370073080063,3620.5634765625,,,,,
2024-06-17,66490.296875,0.1288889944553375,3511.37890625,58.310001373291016,,479.7906799316406,490.4093322753906,
2024-06-18,65140.74609375,0.1222959980368614,3483.681396484375,56.279998779296875,,479.9390869140625,491.7159118652344,
2024-06-19,64960.296875,0.1223409995436668,3559.347412109375,,,,,
2024-06-20,64828.65625,0.1244190037250518,3511.0869140625,56.88999938964844,,476.2397155761719,490.350830078125,
2024-06-21,64096.19921875,0.1240290030837059,3516.07568359375,56.13999938964844,,474.9637756347656,489.2781982421875,
2024-06-22,64252.578125,0.1237889975309372,3494.8134765625,,,,,
2024-06-23,63180.796875,0.1222570016980171,3418.61181640625,,,,,
2024-06-24,60277.4140625,0.1190430000424385,3350.25634765625,51.810001373291016,,469.5564575195313,487.96185302734375,
2024-06-25,61804.640625,0.1261530071496963,3395.029052734375,54.16999816894531,,474.9260864257813,489.9900512695313,
2024-06-26,60811.27734375,0.1226790025830268,3369.477294921875,53.31999969482422,,475.9069213867187,490.53607177734375,
2024-06-27,61604.80078125,0.126910999417305,3444.800537109375,53.709999084472656,,477.1354064941406,491.2966613769531,
2024-06-28,60320.13671875,0.1227890029549598,3373.635986328125,52.459999084472656,,474.6585998535156,489.4022216796875,
2024-06-29,60887.37890625,0.1216989979147911,3372.9677734375,,,,,
2024-06-30,62678.29296875,0.1243050023913383,3432.88916015625,,,,,
2024-07-01,62851.98046875,0.1234420016407966,3440.341552734375,55.279998779296875,,477.4425354003906,490.5275268554687,
2024-07-02,62029.015625,0.1250160038471222,3416.354736328125,54.11000061035156,,482.4555358886719,493.7078247070313,
2024-07-03,60173.921875,0.1184709966182708,3292.916748046875,52.869998931884766,,486.4777526855469,495.93890380859375,
2024-07-04,56977.703125,0.1048870012164115,3054.52197265625,,,,,
2024-07-05,56662.375,0.1055940017104148,2981.5986328125,49.43000030517578,,491.5502014160156,498.9039001464844,
2024-07-06,58303.5390625,0.1136149987578392,3069.3779296875,,,,,
2024-07-07,55849.109375,0.1042319983243942,2929.38720703125,,,,,
2024-07-08,56705.09765625,0.1075809970498085,3018.73193359375,49.400001525878906,,492.71917724609375,499.38336181640625,
2024-07-09,58009.2265625,0.1075130030512809,3064.032958984375,50.599998474121094,,493.145263671875,499.9314270019531,
2024-07-10,57742.49609375,0.1080219969153404,3102.21875,50.150001525878906,,498.28704833984375,504.7458190917969,
2024-07-11,57344.9140625,0.1066669970750808,3100.330810546875,50.189998626708984,,487.3595275878906,500.420654296875,
2024-07-12,57899.46484375,0.1076849997043609,3134.15869140625,50.43000030517578,,490.2226257324219,503.5128479003906,
2024-07-13,59231.953125,0.112355999648571,3177.19873046875,,,,,
2024-07-14,60787.79296875,0.1154489964246749,3244.0791015625,,,,,
2024-07-15,64870.15234375,0.125228002667427,3489.552734375,55.529998779296875,,491.540283203125,505.0393676757813,
2024-07-16,65097.1484375,0.1249310001730918,3443.513427734375,57.06999969482422,,491.728515625,507.9066162109375,
2024-07-17,64118.79296875,0.1218840032815933,3388.75244140625,56.540000915527344,,477.2939147949219,500.81207275390625,
2024-07-18,63974.06640625,0.119496002793312,3426.258544921875,55.599998474121094,,475.03509521484375,497.044677734375,
2024-07-19,66710.15625,0.1254799962043762,3505.73486328125,58.880001068115234,,470.8245239257813,493.7273559570313,
2024-07-20,67163.6484375,0.1344300061464309,3519.29541015625,,,,,
2024-07-21,68154.5234375,0.1401689946651458,3536.60546875,,,,,
2024-07-22,67585.25,0.1378809958696365,3440.419921875,59.72999954223633,,477.83880615234375,498.85498046875,
2024-07-23,65927.671875,0.1303910017013549,3481.995849609375,57.310001373291016,34.65999984741211,476.1545715332031,498.0232238769531,
2024-07-24,65372.1328125,0.1280879974365234,3336.33935546875,57.40999984741211,33.66999816894531,459.07476806640625,486.62310791015625,
2024-07-25,65777.2265625,0.1252209991216659,3174.42724609375,56.540000915527344,31.25,454.01220703125,484.1669616699219,
2024-07-26,67912.0625,0.1343179941177368,3275.951416015625,59.52000045776367,32.790000915527344,458.6686096191406,489.5978393554687,
2024-07-27,67813.3359375,0.1315920054912567,3247.60791015625,,,,,
2024-07-28,68255.8671875,0.130074992775917,3271.464599609375,,,,,
2024-07-29,66819.9140625,0.1286740005016327,3320.539306640625,58.849998474121094,33.125,459.58990478515625,489.9599609375,
2024-07-30,66201.015625,0.1255950033664703,3278.667724609375,57.630001068115234,32.7400016784668,453.2791442871094,487.3961791992187,
2024-07-31,64619.25,0.1220140010118484,3231.295654296875,57.060001373291016,32.68000030517578,466.6933288574219,495.0777893066406,
2024-08-01,65357.5,0.1192359998822212,3201.564453125,55.349998474121094,31.31999969482422,455.3893127441406,488.32574462890625,
2024-08-02,61415.06640625,0.1115079969167709,2986.01318359375,54.68000030517578,30.1200008392334,444.5806884765625,479.4013671875,
2024-08-03,60680.09375,0.1081689968705177,2903.3857421875,,,,,
2024-08-04,58116.9765625,0.1037330031394958,2686.39892578125,,,,,
2024-08-05,53991.45703125,0.0945030003786087,2417.206298828125,46.79999923706055,24.09000015258789,431.3250427246094,465.0069274902344,
2024-08-06,56034.31640625,0.0963710024952888,2458.723876953125,49.68000030517578,24.954999923706055,435.4463195800781,469.6452331542969,
2024-08-07,55027.4609375,0.0955149978399276,2336.58935546875,47.880001068115234,23.530000686645508,430.7305603027344,466.38665771484375,
2024-08-08,61710.13671875,0.1074040010571479,2683.352783203125,52.0099983215332,25.760000228881836,443.9070129394531,477.2681579589844,
2024-08-09,60880.11328125,0.1039739996194839,2599.5986328125,53.099998474121094,25.940000534057617,446.2252197265625,479.3133239746094,
2024-08-10,60945.8125,0.1052019968628883,2610.02294921875,,,,,
2024-08-11,58719.484375,0.1005659997463226,2553.252197265625,,,,,
2024-08-12,59354.515625,0.1077670007944107,2724.431884765625,51.65999984741211,26.6299991607666,447.186279296875,479.5579833984375,
2024-08-13,60609.56640625,0.1064160019159317,2703.671875,53.2400016784668,27.1299991607666,458.2821960449219,487.5233154296875,
2024-08-14,58737.26953125,0.1025549992918968,2662.914794921875,51.52000045776367,26.71500015258789,458.4307861328125,489.0792236328125,
2024-08-15,57560.09765625,0.1002670004963874,2570.087646484375,49.880001068115234,25.489999771118164,470.0121765136719,497.4752197265625,
2024-08-16,58894.10546875,0.1004389971494674,2593.1865234375,52.2400016784668,26.229999542236328,470.6164855957031,498.5222778320313,
2024-08-17,59478.97265625,0.1027550026774406,2614.546875,,,,,
2024-08-18,58483.96484375,0.1001719981431961,2613.357177734375,,,,,
2024-08-19,59493.453125,0.1015039980411529,2637.306396484375,51.599998474121094,26.100000381469727,476.7985229492187,503.3170776367187,
2024-08-20,59012.79296875,0.1030009984970092,2573.10693359375,52.08000183105469,26.010000228881836,475.79791259765625,502.4853820800781,
2024-08-21,61175.19140625,0.1061569973826408,2631.3955078125,53.880001068115234,26.469999313354492,478.01708984375,504.2467651367187,
2024-08-22,60381.9140625,0.1053080037236213,2622.951416015625,52.7400016784668,26.079999923706055,470.4382019042969,500.1662292480469,
2024-08-23,64094.35546875,0.112926997244358,2764.447021484375,55.72999954223633,27.520000457763672,475.5403442382813,505.5776062011719,
2024-08-24,64178.9921875,0.1126310005784034,2769.3896484375,,,,,
2024-08-25,64333.54296875,0.1096979975700378,2749.15771484375,,,,,
2024-08-26,62880.66015625,0.1052919998764991,2681.340576171875,55.40999984741211,26.829999923706055,470.9236450195313,504.33489990234375,
2024-08-27,59504.1328125,0.0990559980273246,2458.7265625,54.33000183105469,25.81999969482422,472.3304443359375,505.0101318359375,
2024-08-28,59027.625,0.0996270030736923,2528.41552734375,51.470001220703125,25.059999465942383,466.970703125,502.1233520507813,
2024-08-29,59388.1796875,0.1004249975085258,2528.792724609375,51.790000915527344,25.299999237060547,466.287109375,502.2016296386719,
2024-08-30,59119.4765625,0.1020430028438568,2525.822021484375,51.22999954223633,25.059999465942383,471.8450012207031,506.927978515625,
2024-08-31,58969.8984375,0.1013320013880729,2513.393798828125,,,,,
2024-09-01,57325.48828125,0.0953539982438087,2427.90234375,,,,,
2024-09-02,59112.48046875,0.0991149991750717,2538.187255859375,,,,,
2024-09-03,57431.0234375,0.0967189967632293,2420.603759765625,50.70000076293945,24.469999313354492,457.5193786621094,496.67279052734375,
2024-09-04,57971.5390625,0.0980250015854835,2448.97705078125,50.7599983215332,24.540000915527344,456.3304748535156,495.4398193359375,
2024-09-05,56160.48828125,0.0983090028166771,2367.737548828125,48.9900016784668,23.63999938964844,456.7565002441406,494.2166748046875,
2024-09-06,53948.75390625,0.0924839973449707,2223.87646484375,46.7400016784668,22.219999313354492,444.5212097167969,485.987060546875,
2024-09-07,54139.6875,0.0952610000967979,2274.107177734375,,,,,
2024-09-08,54841.56640625,0.0960799977183342,2297.29296875,,,,,
2024-09-09,57019.53515625,0.1038289964199066,2358.482177734375,49.970001220703125,23.520000457763672,450.2375793457031,491.4571228027344,
2024-09-10,57648.7109375,0.1027119979262352,2389.5810546875,50.70000076293945,23.812000274658203,454.3986511230469,493.4827270507813,
2024-09-11,57343.171875,0.1013780012726783,2339.841552734375,50.369998931884766,23.420000076293945,464.26605224609375,498.5320434570313,
2024-09-12,58127.01171875,0.1027989983558654,2361.78173828125,51.099998474121094,23.6299991607666,468.8233642578125,502.818115234375,
2024-09-13,60571.30078125,0.1071140021085739,2441.607177734375,52.310001373291016,24.239999771118164,470.9236450195313,505.4895629882813,
2024-09-14,60005.12109375,0.1054669991135597,2418.595703125,,,,,
2024-09-15,59182.8359375,0.1029329970479011,2320.897216796875,,,,,
2024-09-16,58192.5078125,0.0996930003166198,2295.28369140625,50.66999816894531,22.729999542236328,468.8431396484375,506.2528076171875,
2024-09-17,60308.5390625,0.1011369973421096,2341.707763671875,52.41999816894531,23.520000457763672,469.0908203125,506.4876708984375,
2024-09-18,61649.6796875,0.1035849973559379,2369.72900390625,52.47999954223633,23.1299991607666,467.0599060058594,504.84368896484375,
2024-09-19,62940.45703125,0.1050309985876083,2464.752197265625,55.33000183105469,24.6200008392334,478.8691101074219,513.6506958007812,
2024-09-20,63192.9765625,0.1054710000753402,2561.072021484375,54.94499969482422,25.440000534057617,477.9577026367187,512.642822265625,
2024-09-21,63394.83984375,0.1100490018725395,2615.857177734375,,,,,
2024-09-22,63648.7109375,0.1063390001654625,2582.862548828125,,,,,
2024-09-23,63329.80078125,0.1081560030579567,2648.54638671875,55.380001068115234,26.75,479.2245788574219,513.905029296875,
2024-09-24,64301.96875,0.109774999320507,2654.35498046875,56.2599983215332,26.5,481.53619384765625,515.3826293945312,
2024-09-25,63143.14453125,0.1085039973258972,2579.388671875,55.25,25.729999542236328,481.9826354980469,514.3356323242188,
2024-09-26,65181.01953125,0.1181759983301162,2632.199951171875,56.61000061035156,26.510000228881836,485.6037902832031,516.3809204101562,
2024-09-27,65790.6640625,0.1237139999866485,2695.900634765625,57.43000030517578,27.030000686645508,482.9053039550781,515.7123413085938,
2024-09-28,65887.6484375,0.1286710053682327,2677.5390625,,,,,
2024-09-29,65635.3046875,0.1246739998459816,2659.346923828125,,,,,
2024-09-30,63329.5,0.1144279986619949,2603.062744140625,55.529998779296875,25.969999313354492,484.21484375,517.9601440429688,
2024-10-01,60837.0078125,0.1070429980754852,2448.921142578125,53.97999954223633,24.88999938964844,477.4685363769531,513.1210327148438,
2024-10-02,60632.78515625,0.1047590002417564,2365.231689453125,52.619998931884766,23.709999084472656,478.1431884765625,513.2091674804688,
2024-10-03,60759.40234375,0.1050990000367164,2349.791259765625,53.349998474121094,23.520000457763672,477.7860412597656,512.2374267578125,
2024-10-04,62067.4765625,0.109264001250267,2414.7939453125,54.560001373291016,24.31999969482422,483.4707946777344,516.958984375,
2024-10-05,62089.94921875,0.1094869971275329,2415.6318359375,,,,,
2024-10-06,62818.953125,0.1114799976348877,2439.957763671875,,,,,
2024-10-07,62236.66015625,0.108654998242855,2421.796630859375,55.41999816894531,24.469999313354492,478.2919616699219,512.3062133789062,
2024-10-08,62131.96875,0.1070439964532852,2439.8408203125,54.400001525878906,24.40999984741211,485.4350891113281,517.1552734375,
2024-10-09,60582.1015625,0.1079389974474906,2368.283447265625,53.279998779296875,24.18000030517578,489.2546691894531,520.6890258789062,
2024-10-10,60274.5,0.1059800013899803,2383.85791015625,52.150001525878906,23.63999938964844,488.6991271972656,519.8153686523438,
2024-10-11,62445.08984375,0.1107330024242401,2436.513427734375,55.22999954223633,24.61000061035156,489.4630126953125,522.907470703125,
2024-10-12,63193.0234375,0.1114159971475601,2476.523193359375,,,,,
2024-10-13,62851.375,0.1113360002636909,2467.677001953125,,,,,
2024-10-14,66046.125,0.1166540011763572,2628.89990234375,57.68000030517578,26.239999771118164,493.57037353515625,527.1871337890625,
2024-10-15,67041.109375,0.11752700060606,2606.02197265625,58.619998931884766,25.93000030517578,486.972900390625,523.1724243164062,
2024-10-16,67612.71875,0.1257729977369308,2611.10205078125,59.2400016784668,26.170000076293945,487.0324401855469,525.3711547851562,
2024-10-17,67399.8359375,0.1296579986810684,2604.2734375,58.40999984741211,25.979999542236328,487.3697204589844,525.4498291015625,
2024-10-18,68418.7890625,0.1372130066156387,2641.55224609375,60.029998779296875,26.530000686645508,490.5643005371094,527.4718627929688,
2024-10-19,68362.734375,0.1445270031690597,2648.656982421875,,,,,
2024-10-20,69001.703125,0.142083004117012,2746.364013671875,,,,,
2024-10-21,67367.8515625,0.1436900049448013,2665.712158203125,59.23500061035156,26.809999465942383,491.5068359375,526.6572265625,
2024-10-22,67361.40625,0.1395079940557479,2620.197509765625,58.97999954223633,26.270000457763672,492.0425109863281,526.2939453125,
2024-10-23,66432.1953125,0.138496994972229,2509.098876953125,58.06999969482422,25.09000015258789,484.5025634765625,521.4939575195312,
2024-10-24,68161.0546875,0.14198699593544,2534.49853515625,59.720001220703125,25.3799991607666,488.4312744140625,522.671875,
2024-10-25,66642.4140625,0.1310130059719085,2435.93408203125,58.38999938964844,24.729999542236328,491.4075927734375,522.4657592773438,
2024-10-26,67014.6953125,0.1373569965362548,2479.603271484375,,,,,
2024-10-27,67929.296875,0.1443119943141937,2505.940673828125,,,,,
2024-10-28,69907.7578125,0.1611499935388565,2565.34814453125,60.93000030517578,25.049999237060547,491.4869689941406,524.0951538085938,
2024-10-29,72720.4921875,0.1758390069007873,2637.95751953125,63.45000076293945,26.280000686645508,496.2093811035156,524.9295654296875,
2024-10-30,72339.5390625,0.1681459993124008,2657.37255859375,62.790000915527344,26.56999969482422,492.4591979980469,523.34912109375,
2024-10-31,70215.1875,0.1613720059394836,2515.79931640625,61.06999969482422,25.09000015258789,480.0281677246094,513.0521850585938,
2024-11-01,69482.46875,0.1591850072145462,2511.885498046875,60.470001220703125,25.13999938964844,483.5798950195313,515.2804565429688,
2024-11-02,69289.2734375,0.1593160033226013,2491.068603515625,,,,,
2024-11-03,68741.1171875,0.1514540016651153,2456.42529296875,,,,,
2024-11-04,67811.5078125,0.1583459973335266,2397.0263671875,58.77000045776367,24.209999084472656,482.171142578125,514.1614379882812,
2024-11-05,69359.5625,0.1701799929141998,2422.650634765625,60.65999984741211,24.239999771118164,488.3221435546875,520.345458984375,
2024-11-06,75639.078125,0.1966580003499984,2724.169189453125,66.69999694824219,26.989999771118164,501.5865173339844,533.3026123046875,
2024-11-07,75904.859375,0.1931589990854263,2895.58544921875,66.9800033569336,29.079999923706055,509.4836120605469,537.4547729492188,
2024-11-08,76545.4765625,0.2021320015192031,2962.296630859375,67.18000030517578,29.489999771118164,510.0789489746094,539.8302001953125,
2024-11-09,76778.8671875,0.218760997056961,3131.14453125,,,,,
2024-11-10,80474.1875,0.2790949940681457,3191.331298828125,,,,,
2024-11-11,88701.484375,0.3495210111141205,3374.81298828125,76.1449966430664,33.68000030517578,509.7813415527344,540.27197265625,
2024-11-12,87955.8125,0.3822210133075714,3246.25732421875,78.37999725341797,32.900001525878906,508.8586120605469,538.6522827148438,
2024-11-13,90584.1640625,0.399522989988327,3192.595947265625,78.4800033569336,31.700000762939453,508.2038879394531,538.9271240234375,
2024-11-14,87250.4296875,0.3616459965705871,3058.94873046875,76.4000015258789,30.989999771118164,504.6719970703125,535.5014038085938,
2024-11-15,91066.0078125,0.3791890144348144,3103.04052734375,80.05999755859375,30.899999618530273,492.647705078125,528.5908813476562,
2024-11-16,90558.4765625,0.3637480139732361,3133.27392578125,,,,,
2024-11-17,89845.8515625,0.3665600121021271,3075.66162109375,,,,,
2024-11-18,90542.640625,0.3717409968376159,3207.8564453125,80.12000274658203,31.63999938964844,496.0704345703125,530.7798461914062,
2024-11-19,92343.7890625,0.3913559913635254,3111.384033203125,80.94999694824219,31.040000915527344,499.4832458496094,532.7136840820312,
2024-11-20,94339.4921875,0.377496987581253,3072.18798828125,82.54000091552734,30.729999542236328,499.195556640625,532.9099731445312,
2024-11-21,98504.7265625,0.3876169919967651,3361.053955078125,85.87999725341797,33.59000015258789,500.99127197265625,535.5995483398438,
2024-11-22,98997.6640625,0.4129239916801452,3331.600830078125,86.7300033569336,32.91999816894531,501.7948913574219,537.3958129882812,
2024-11-23,97777.28125,0.4300119876861572,3396.223388671875,,,,,
2024-11-24,98013.8203125,0.4298819899559021,3363.659912109375,,,,,
2024-11-25,93102.296875,0.393339991569519,3413.5439453125,82.97000122070312,35.11000061035156,502.5885314941406,539.1234741210938,
2024-11-26,91985.3203125,0.3876180052757263,3326.517333984375,79.44999694824219,33.189998626708984,505.2870788574219,542.1467895507812,
2024-11-27,95962.53125,0.4015249907970428,3657.249267578125,84.51000213623047,36.36000061035156,501.3087463378906,540.419189453125,
2024-11-28,95652.46875,0.4020180106163025,3579.8115234375,,,,,
2024-11-29,97461.5234375,0.4258390069007873,3593.494384765625,84.91000366210938,35.880001068115234,505.7136840820313,543.265869140625,
2024-11-30,96449.0546875,0.4219709932804107,3705.705322265625,,,,,
2024-12-01,97279.7890625,0.4400230050086975,3711.1650390625,,,,,
2024-12-02,95865.3046875,0.42467001080513,3644.198486328125,83.69999694824219,36.2400016784668,511.2198181152344,544.797119140625,
2024-12-03,96002.1640625,0.4078820049762726,3620.711669921875,83.63999938964844,36.11000061035156,512.787353515625,544.9246826171875,
2024-12-04,98768.53125,0.4319570064544678,3841.3310546875,86.63999938964844,38.97999954223633,519.1268920898438,548.3602905273438,
2024-12-05,96593.5703125,0.4305860102176666,3811.00830078125,86.61000061035156,38.27000045776367,517.6882934570312,547.4473876953125,
2024-12-06,99920.7109375,0.435708999633789,4005.810546875,88.91999816894531,40.63999938964844,522.3214721679688,548.5369873046875,
2024-12-07,99923.3359375,0.4538869857788086,4002.692626953125,,,,,
2024-12-08,101236.015625,0.4672969877719879,4005.70458984375,,,,,
2024-12-09,97432.71875,0.4147189855575561,3718.6904296875,84.0199966430664,37.400001525878906,518.2537841796875,545.6806030273438,
2024-12-10,96675.4296875,0.3945200145244598,3631.833740234375,84.27999877929688,36.529998779296875,516.4878540039062,544.1295776367188,
2024-12-11,101173.03125,0.4144920110702514,3832.822021484375,88.62000274658203,38.380001068115234,525.7342529296875,548.2523803710938,
2024-12-12,100043.0,0.4065479934215545,3883.1015625,87.44000244140625,38.900001525878906,522.34130859375,545.4254150390625,
2024-12-13,101459.2578125,0.4090810120105743,3911.205322265625,88.94000244140625,39.2599983215332,526.3394165039062,545.3860473632812,
2024-12-14,101372.96875,0.3979760110378265,3868.4052734375,,,,,
2024-12-15,104298.6953125,0.4062719941139221,3951.941162109375,,,,,
2024-12-16,106029.71875,0.4019339978694916,3987.48095703125,92.45999908447266,40.5,533.919189453125,547.52587890625,
2024-12-17,106140.6015625,0.394336998462677,3886.76611328125,93.33000183105467,39.369998931884766,531.5677490234375,545.22900390625,
2024-12-18,100041.5390625,0.358038991689682,3618.791259765625,87.86000061035156,36.9900016784668,512.3905029296875,529.2191162109375,
2024-12-19,97490.953125,0.3150660097599029,3417.927978515625,84.12999725341797,33.7599983215332,510.1087341308594,529.0228271484375,
2024-12-20,97755.9296875,0.3177129924297333,3472.553466796875,84.19999694824219,34.43000030517578,514.563232421875,535.010498046875,
2024-12-21,97224.7265625,0.3209510147571563,3337.222412109375,,,,,
2024-12-22,95104.9375,0.3121919929981231,3277.53515625,,,,,
2024-12-23,94686.2421875,0.3242189884185791,3415.785400390625,81.16000366210938,33.9900016784668,519.5764770507812,538.8402709960938,
2024-12-24,98676.09375,0.3369239866733551,3492.0498046875,86.41999816894531,35.040000915527344,526.6217651367188,544.3843383789062,
2024-12-25,99299.1953125,0.334318995475769,3493.2353515625,,,,,
2024-12-26,95795.515625,0.3122560083866119,3331.225830078125,83.44999694824219,33.2400016784668,526.2640380859375,544.3743896484375,
2024-12-27,94164.859375,0.3110359907150268,3328.9169921875,82.5199966430664,33.36000061035156,519.2683715820312,538.7318725585938,
2024-12-28,95163.9296875,0.3239189982414245,3397.90234375,,,,,
2024-12-29,93530.2265625,0.3143199980258941,3349.513427734375,,,,,
2024-12-30,92643.2109375,0.3135139942169189,3356.392578125,82.31999969482422,33.959999084472656,512.3621826171875,532.7347412109375,
2024-12-31,93429.203125,0.3156810104846954,3332.53173828125,81.58000183105469,33.40999984741211,508.0097961425781,530.5880737304688,
2025-01-01,94419.7578125,0.3243060111999511,3353.504150390625,,,,,
2025-01-02,96886.875,0.3386099934577942,3451.392578125,85.08000183105469,34.58000183105469,507.0160827636719,529.2586669921875,
2025-01-03,98107.4296875,0.3792789876461029,3605.009765625,86.01000213623047,36.04999923706055,515.3134155273438,536.0927734375,
2025-01-04,98236.2265625,0.3947460055351257,3657.706787109375,,,,,
2025-01-05,98314.9609375,0.3825629949569702,3634.103759765625,,,,,
2025-01-06,102078.0859375,0.3879570066928863,3688.611328125,89.33000183105469,36.880001068115234,521.2359008789062,539.2144165039062,
2025-01-07,96922.703125,0.3484370112419128,3381.577392578125,84.19000244140625,33.88999938964844,511.9348754882813,533.1484375,
2025-01-08,95043.5234375,0.3422479927539825,3326.329345703125,82.0199966430664,32.849998474121094,512.0242919921875,533.8672485351562,
2025-01-09,92484.0390625,0.3209120035171509,3219.4306640625,,,,,
2025-01-10,94701.453125,0.3339810073375702,3267.489990234375,82.69000244140625,32.59000015258789,503.9952087402344,525.7431030273438,
2025-01-11,94566.59375,0.34095498919487,3282.2177734375,,,,,
2025-01-12,94488.4375,0.3359589874744415,3265.951171875,,,,,
2025-01-13,94516.5234375,0.3382990062236786,3135.499755859375,81.79000091552734,30.86000061035156,502.37548828125,526.4226684570312,
2025-01-14,96534.046875,0.3561199903488159,3223.6845703125,84.20999908447266,32.25,501.89849853515625,527.09228515625,
2025-01-15,100504.4921875,0.3857100009918213,3450.53759765625,87.01000213623047,34.380001068115234,513.4453125,536.73291015625,
2025-01-16,99756.90625,0.3767479956150055,3308.34521484375,87.70999908447266,33.36000061035156,509.8481140136719,535.935302734375,
2025-01-17,104462.0390625,0.4159390032291412,3474.107177734375,91.66000366210938,35.21500015258789,518.4534912109375,541.0756225585938,
2025-01-18,104408.0703125,0.3960810005664825,3305.78955078125,,,,,
2025-01-19,101089.609375,0.3577570021152496,3208.96435546875,,,,,
2025-01-20,102016.6640625,0.3546079993247986,3278.035400390625,,,,,
2025-01-21,106146.265625,0.3715769946575165,3327.40625,92.8000030517578,33.13999938964844,521.4942016601562,545.999267578125,
2025-01-22,103653.0703125,0.3630560040473938,3240.224609375,91.16999816894533,32.59000015258789,528.162109375,549.1012573242188,
2025-01-23,103960.171875,0.3523530066013336,3334.714111328125,90.27999877929688,32.5099983215332,529.284912109375,552.1441040039062,
2025-01-24,104819.484375,0.350739985704422,3309.554931640625,91.66999816894533,33.33000183105469,526.2938232421875,550.4798583984375,
2025-01-25,104714.6484375,0.3537760078907013,3317.26953125,,,,,
2025-01-26,102682.5,0.336326003074646,3236.13427734375,,,,,
2025-01-27,102087.6875,0.3338220119476318,3178.92041015625,88.4800033569336,31.420000076293945,510.9710083007813,542.8185424804688,
2025-01-28,101332.4765625,0.3190740048885345,3077.112548828125,88.38999938964844,30.90999984741211,518.5231323242188,547.3679809570312,
2025-01-29,103703.2109375,0.3238640129566192,3112.9990234375,91.08999633789062,31.3799991607666,517.5493774414062,544.9652709960938,
2025-01-30,104735.3046875,0.331508994102478,3247.780029296875,91.70999908447266,32.369998931884766,519.7553100585938,547.8112182617188,
2025-01-31,102405.0234375,0.3287279903888702,3298.26513671875,88.63999938964844,33.18000030517578,519.0000610351562,544.8865356445312,
2025-02-01,100655.90625,0.3083570003509521,3118.32861328125,,,,,
2025-02-02,97688.9765625,0.2675090134143829,2868.69287109375,,,,,
2025-02-03,101405.421875,0.2850039899349212,2884.566650390625,88.47000122070312,27.11000061035156,514.846435546875,541.3118896484375,
2025-02-04,97871.8203125,0.2641440033912658,2735.05126953125,86.26000213623047,27.38999938964844,521.1663208007812,544.9061889648438,
2025-02-05,96615.4453125,0.2562330067157745,2787.779052734375,85.0199966430664,27.65999984741211,523.5313720703125,547.1416015625,
2025-02-06,96593.296875,0.2480839937925338,2688.40087890625,84.69000244140625,27.209999084472656,526.2640380859375,549.111083984375,
2025-02-07,96529.0859375,0.2466129958629608,2622.211181640625,83.63999938964844,25.850000381469727,519.6261596679688,543.7738037109375,
2025-02-08,96482.453125,0.2532660067081451,2632.308349609375,,,,,
2025-02-09,96500.09375,0.2492900043725967,2628.72119140625,,,,,
2025-02-10,97437.5546875,0.2552599906921386,2661.166748046875,85.06999969482422,26.84000015258789,525.916259765625,547.6635131835938,
2025-02-11,95747.4296875,0.2531220018863678,2602.781982421875,83.1500015258789,25.950000762939453,524.6641845703125,548.1558837890625,
2025-02-12,97885.859375,0.2641220092773437,2736.902099609375,84.72000122070312,26.780000686645508,524.9722290039062,546.3438720703125,
2025-02-13,96623.8671875,0.2624920010566711,2675.902587890625,84.08000183105469,26.549999237060547,532.5243530273438,552.114501953125,
2025-02-14,97508.96875,0.271928995847702,2726.091552734375,85.0199966430664,27.329999923706055,534.76025390625,552.1342163085938,
2025-02-15,97580.3515625,0.271723985671997,2693.559814453125,,,,,
2025-02-16,96175.03125,0.2657400071620941,2663.31591796875,,,,,
2025-02-17,95773.3828125,0.2581480145454407,2743.19970703125,,,,,
2025-02-18,95539.546875,0.2509010136127472,2669.3388671875,82.19000244140625,26.31999969482422,535.9724731445312,553.7294921875,
2025-02-19,96635.609375,0.2547680139541626,2715.77099609375,83.9800033569336,27.25,536.1216430664062,555.0687866210938,
2025-02-20,98333.9375,0.2548600137233734,2740.386474609375,86.05000305175781,27.520000457763672,533.845947265625,552.7349243164062,
2025-02-21,96125.546875,0.2393079996109008,2659.655517578125,82.80999755859375,26.299999237060547,522.7662353515625,543.3306274414062,
2025-02-22,96577.7578125,0.2467229962348938,2764.029296875,,,,,
2025-02-23,96273.921875,0.2430229932069778,2821.310302734375,,,,,
2025-02-24,91418.171875,0.2103590071201324,2513.8212890625,82.05999755859375,26.399999618530273,516.5953369140625,540.7604370117188,
2025-02-25,88736.171875,0.2123890072107315,2493.592529296875,76.87000274658203,24.86000061035156,510.0866088867187,538.072021484375,
2025-02-26,84347.0234375,0.2055409997701645,2331.45263671875,73.62000274658203,23.309999465942383,511.3187561035156,538.4069213867188,
2025-02-27,84704.2265625,0.2068240046501159,2305.484375,72.75,22.510000228881836,497.1188354492187,529.7608642578125,
2025-02-28,84373.0078125,0.2019630074501037,2237.9052734375,73.5,22.13999938964844,504.9690246582031,537.9932861328125,
2025-03-01,86031.9140625,0.2065369933843612,2216.643310546875,,,,,
2025-03-02,94248.3515625,0.2392670065164566,2519.694580078125,,,,,
2025-03-03,86065.671875,0.1990759968757629,2145.573974609375,75.12999725341797,21.280000686645508,493.9190979003906,528.7268676757812,
2025-03-04,87222.1953125,0.1991460025310516,2170.01513671875,75.91000366210938,21.399999618530273,492.4285278320313,522.3556518554688,
2025-03-05,90623.5625,0.2047200053930282,2241.977294921875,79.02999877929688,22.299999237060547,498.8478698730469,528.2149047851562,
2025-03-06,89961.7265625,0.2017270028591156,2202.476806640625,77.7699966430664,21.989999771118164,485.1248474121094,518.6333618164062,
2025-03-07,86742.671875,0.1979729980230331,2138.987548828125,75.94999694824219,21.540000915527344,488.6922607421875,521.4299926757812,
2025-03-08,86154.59375,0.1921720057725906,2201.51025390625,,,,,
2025-03-09,80601.0390625,0.1678030043840408,2015.5091552734375,,,,,
2025-03-10,78532.0,0.1540600061416626,1861.1513671875,68.9800033569336,18.670000076293945,469.7522888183594,507.6436462402344,
2025-03-11,82862.2109375,0.1641660034656524,1919.844970703125,72.5199966430664,19.510000228881836,468.62939453125,503.4781799316406,
2025-03-12,83722.359375,0.1723809987306594,1908.982666015625,72.41000366210938,18.75,473.9158935546875,505.92034912109375,
2025-03-13,81066.703125,0.1650650054216385,1862.9696044921875,69.9800033569336,18.489999771118164,465.3899230957031,499.3126831054687,
2025-03-14,83969.1015625,0.1717990040779113,1909.467529296875,73.93000030517578,19.325000762939453,476.6386413574219,509.5638427734375,
2025-03-15,84343.109375,0.1760679930448532,1937.3946533203125,,,,,
2025-03-16,82579.6875,0.1682350039482116,1887.43505859375,,,,,
2025-03-17,84075.6875,0.1734649986028671,1927.0029296875,73.83000183105469,19.420000076293945,479.72900390625,513.4536743164062,
2025-03-18,82718.5,0.1680289953947067,1932.54345703125,71.88999938964844,19.020000457763672,471.5508728027344,508.0375061035156,
2025-03-19,86854.2265625,0.1780650019645691,2057.7490234375,74.66000366210938,20.315000534057617,477.86090087890625,513.3748168945312,
2025-03-20,84167.1953125,0.1693509966135025,1982.099853515625,73.48999786376953,19.709999084472656,476.2411804199219,512.1931762695312,
2025-03-21,84043.2421875,0.1670619994401931,1964.8475341796875,73.27999877929688,19.709999084472656,477.8112182617187,512.3211669921875,
2025-03-22,83832.484375,0.1673430055379867,1980.037841796875,,,,,
2025-03-23,86054.375,0.1722529977560043,2005.2991943359375,,,,,
2025-03-24,87498.9140625,0.1828889995813369,2077.47900390625,77.08999633789062,20.88999938964844,488.29644775390625,521.3118286132812,
2025-03-25,87471.703125,0.1909099966287613,2067.76416015625,77.0,20.75,491.0829772949219,522.5526123046875,
2025-03-26,86900.8828125,0.1947979927062988,2009.1893310546875,75.55999755859375,19.959999084472656,482.0467224121094,516.4570922851562,
2025-03-27,87177.1015625,0.1904949992895126,2002.357421875,75.95999908447266,20.040000915527344,479.2999572753906,515.0361328125,
2025-03-28,84353.1484375,0.1801899969577789,1895.5029296875,73.12000274658203,18.700000762939453,466.68109130859375,504.7493896484375,
2025-03-29,82597.5859375,0.1695650070905685,1827.3203125,,,,,
2025-03-30,82334.5234375,0.1663189977407455,1806.2186279296875,,,,,
2025-03-31,82548.9140625,0.166714996099472,1823.47998046875,71.97000122070312,18.25,466.6611328125,507.8225402832031,
2025-04-01,85169.171875,0.1740860044956207,1905.491455078125,74.19999694824219,19.100000381469727,470.4229431152344,509.6901245117187,
2025-04-02,82485.7109375,0.1641950011253357,1795.313232421875,75.87999725341797,19.100000381469727,473.8563537597656,512.7633056640625,
2025-04-03,83102.828125,0.1620599925518036,1815.63720703125,71.55000305175781,17.829999923706055,448.4891052246094,488.3065185546875,
2025-04-04,83843.8046875,0.171097993850708,1815.335205078125,73.38999938964844,18.06999969482422,420.6339721679687,460.0057373046875,
2025-04-05,83504.796875,0.1690270006656646,1805.9732666015625,,,,,
2025-04-06,78214.484375,0.1488450020551681,1576.72802734375,,,,,
2025-04-07,79235.3359375,0.149520993232727,1555.240966796875,68.13999938964844,15.399999618530272,421.6490478515625,458.0689697265625,
2025-04-08,76271.953125,0.1421069949865341,1472.5531005859375,67.0,14.630000114440918,414.0557861328125,451.3297424316406,
2025-04-09,82573.953125,0.1603710055351257,1668.0400390625,71.88999938964844,16.360000610351562,463.7552185058594,493.1880187988281,
2025-04-10,79626.140625,0.153666004538536,1522.518798828125,69.36000061035156,15.109999656677246,444.0306701660156,476.349853515625,
2025-04-11,83404.8359375,0.1600890010595321,1567.1497802734375,73.23999786376953,15.65999984741211,452.2111206054687,484.7392272949219,
2025-04-12,85287.109375,0.1676110029220581,1643.528564453125,,,,,
2025-04-13,83684.9765625,0.1627919971942901,1596.685791015625,,,,,
2025-04-14,84542.390625,0.158500999212265,1622.7698974609375,74.20999908447266,16.3700008392334,455.2762756347656,489.61090087890625,
2025-04-15,83668.9921875,0.1535499989986419,1588.6324462890625,73.37999725341797,16.06999969482422,455.7838134765625,488.2373352050781,
2025-04-16,84033.8671875,0.1546880006790161,1578.1053466796875,73.66000366210938,15.869999885559082,442.0403137207031,477.5059814453125,
2025-04-17,84895.75,0.1557399928569793,1582.54833984375,74.16000366210938,15.8100004196167,441.9607238769531,478.16802978515625,
2025-04-18,84450.8046875,0.1576160043478012,1588.9246826171875,,,,,
2025-04-19,85063.4140625,0.1573330014944076,1612.9228515625,,,,,
2025-04-20,85174.3046875,0.1551840007305145,1587.5142822265625,,,,,
2025-04-21,87518.90625,0.15938800573349,1579.7344970703125,76.37999725341797,15.729999542236328,431.0236206054687,466.7745971679687,
2025-04-22,93441.890625,0.1786479949951172,1757.3316650390625,79.88999938964844,17.010000228881836,442.3388977050781,478.5534057617187,
2025-04-23,93699.109375,0.1786050051450729,1796.104248046875,81.66000366210938,17.8799991607666,452.3703308105469,486.24127197265625,
2025-04-24,93943.796875,0.1824570000171661,1769.8316650390625,81.76000213623047,17.649999618530273,465.0987548828125,496.4587707519531,
2025-04-25,94720.5,0.1818300038576126,1786.634521484375,83.30000305175781,18.040000915527344,470.28363037109375,500.1149291992187,
2025-04-26,94646.9296875,0.181889995932579,1821.881103515625,,,,,
2025-04-27,93754.84375,0.1796720027923584,1792.864990234375,,,,,
2025-04-28,94978.75,0.1789519935846328,1798.851806640625,82.7699966430664,17.969999313354492,470.13433837890625,500.4212951660156,
2025-04-29,94284.7890625,0.1746360063552856,1799.1756591796875,83.23999786376953,18.229999542236328,473.23931884765625,503.4548950195313,
2025-04-30,94207.3125,0.1723400056362152,1793.775390625,82.18000030517578,17.84000015258789,473.1795654296875,503.7019348144531,
2025-05-01,96492.3359375,0.180758997797966,1839.2215576171875,84.33999633789062,18.440000534057617,479.3596801757813,507.2691955566406,
2025-05-02,96910.0703125,0.1815769970417022,1842.7078857421875,84.69999694824219,18.38999938964844,486.4752197265625,514.5420532226562,
2025-05-03,95891.796875,0.1757570058107376,1833.8397216796875,,,,,
2025-05-04,94315.9765625,0.1705520004034042,1808.59423828125,,,,,
2025-05-05,94748.0546875,0.1706040054559707,1819.697509765625,82.37000274658203,18.15999984741211,483.5892028808594,511.8541564941406,
2025-05-06,96802.4765625,0.1721159964799881,1815.0875244140625,82.91999816894531,17.829999923706055,479.0910034179687,507.4964599609375,
2025-05-07,97032.3203125,0.1720069944858551,1811.606689453125,83.95999908447266,17.950000762939453,480.9718933105469,509.7890319824219,
2025-05-08,103241.4609375,0.1975769996643066,2206.5146484375,88.4800033569336,21.200000762939453,485.9378662109375,513.188232421875,
2025-05-09,102970.8515625,0.2052900046110153,2345.50732421875,90.12000274658205,23.329999923706055,485.6194152832031,512.5064697265625,
2025-05-10,104696.328125,0.2486889958381652,2582.422607421875,,,,,
2025-05-11,104106.359375,0.2315080016851425,2510.23779296875,,,,,
2025-05-12,102812.953125,0.231002002954483,2496.397705078125,88.91000366210938,24.59000015258789,505.4036254882813,529.57177734375,
2025-05-13,104169.8125,0.2412150055170059,2680.129638671875,91.56999969482422,26.90999984741211,513.1063842773438,533.0501098632812,
2025-05-14,103539.4140625,0.2328079938888549,2610.063232421875,90.22000122070312,26.010000228881836,516.181396484375,533.7122802734375,
2025-05-15,103744.640625,0.2191890031099319,2546.85693359375,90.11000061035156,25.280000686645508,516.748779296875,536.3308715820312,
2025-05-16,103489.2890625,0.2212869971990585,2536.297607421875,90.87999725341795,25.93000030517578,518.9978637695312,539.7893676757812,
2025-05-17,103191.0859375,0.2146980017423629,2475.75439453125,,,,,
2025-05-18,106446.0078125,0.2341810017824173,2498.233642578125,,,,,
2025-05-19,105606.1796875,0.2244209945201873,2529.166748046875,92.16000366210938,25.170000076293945,519.4954223632812,540.3427734375,
2025-05-20,106791.0859375,0.2261260002851486,2524.173095703125,93.51000213623048,25.020000457763672,517.7638549804688,538.42578125,
2025-05-21,109678.078125,0.234057992696762,2552.34716796875,94.91000366210938,25.13999938964844,510.5686340332031,529.4236450195312,
2025-05-22,111673.28125,0.2450280040502548,2664.156982421875,97.05999755859376,26.3700008392334,511.5240173339844,529.670654296875,
2025-05-23,107287.796875,0.2248139977455139,2526.44189453125,94.9800033569336,25.59000015258789,506.7869262695313,526.0935668945312,
2025-05-24,107791.15625,0.2252970039844513,2530.646240234375,,,,,
2025-05-25,109035.390625,0.2249840050935745,2551.763916015625,,,,,
2025-05-26,109440.3671875,0.2260250002145767,2564.138427734375,,,,,
2025-05-27,108994.640625,0.2261639982461929,2663.06982421875,95.9800033569336,26.899999618530273,518.7091674804688,536.904052734375,
2025-05-28,107802.328125,0.220781996846199,2682.212890625,93.38999938964844,26.209999084472656,516.4103393554688,533.8407592773438,
2025-05-29,105641.7578125,0.2148330062627792,2632.65478515625,92.20999908447266,26.530000686645508,517.4254760742188,535.8960571289062,
2025-05-30,103998.5703125,0.1934359967708587,2529.943603515625,91.37999725341795,25.729999542236328,516.6093139648438,535.3427124023438,
2025-05-31,104638.09375,0.1925790011882782,2529.08740234375,,,,,
2025-06-01,105652.1015625,0.1936320066452026,2536.266357421875,,,,,
2025-06-02,105881.53125,0.1953900009393692,2607.097412109375,91.1999969482422,25.31999969482422,520.689697265625,538.455322265625,
2025-06-03,105432.46875,0.1931380033493042,2593.2802734375,92.76000213623048,26.270000457763672,524.7598876953125,541.5087890625,
2025-06-04,104731.984375,0.1882359981536865,2608.64306640625,91.6500015258789,26.25,526.2228393554688,541.1629028320312,
2025-06-05,101575.953125,0.1716279983520507,2416.28564453125,88.95999908447266,25.260000228881836,522.2620239257812,538.6332397460938,
2025-06-06,104390.34375,0.1789730042219162,2477.19482421875,91.0500030517578,24.829999923706055,527.3672485351562,544.1372680664062,
2025-06-07,105615.625,0.1851679980754852,2526.50537109375,,,,,
2025-06-08,105793.6484375,0.1841730028390884,2510.787109375,,,,,
2025-06-09,110294.1015625,0.1949329972267151,2681.51708984375,94.86000061035156,25.799999237060547,528.1436157226562,544.72021484375,
2025-06-10,110257.234375,0.1982820034027099,2813.517578125,95.66999816894533,27.770000457763672,531.63671875,547.8230590820312,
2025-06-11,108686.625,0.193011000752449,2773.529296875,94.98999786376952,28.149999618530273,529.8453369140625,546.3112182617188,
2025-06-12,105929.0546875,0.181547999382019,2651.795166015625,93.2300033569336,26.93000030517578,531.0892944335938,548.3764038085938,
2025-06-13,106090.96875,0.1803800016641616,2579.486083984375,91.79000091552734,25.260000228881836,524.421630859375,542.2696533203125,
2025-06-14,105472.40625,0.1784670054912567,2533.444091796875,,,,,
2025-06-15,105552.0234375,0.1756689995527267,2546.837158203125,,,,,
2025-06-16,106796.7578125,0.1726980060338974,2540.60498046875,94.93000030517578,26.6200008392334,531.7162475585938,547.5068359375,
2025-06-17,104601.1171875,0.1696680039167404,2510.761474609375,91.41999816894533,25.280000686645508,526.5313720703125,542.8427734375,
2025-06-18,104883.328125,0.170632004737854,2524.301513671875,90.62999725341795,24.90999984741211,526.4417724609375,542.734130859375,
2025-06-19,104684.2890625,0.1709630042314529,2521.653564453125,,,,,
2025-06-20,103309.6015625,0.1624750047922134,2407.30419921875,90.08000183105467,24.11000061035156,524.292236328125,541.2320556640625,
2025-06-21,102257.40625,0.1541689932346344,2300.49560546875,,,,,
2025-06-22,100987.140625,0.1513220071792602,2228.213134765625,,,,,
2025-06-23,105577.7734375,0.1643629968166351,2421.824951171875,90.11000061035156,23.1299991607666,529.6832275390625,546.8052978515625,
2025-06-24,106045.6328125,0.1657309979200363,2448.0087890625,92.2300033569336,24.36000061035156,537.7831420898438,552.813232421875,
2025-06-25,107361.2578125,0.1645780056715011,2419.310302734375,94.12999725341795,24.299999237060547,539.157958984375,553.08984375,
2025-06-26,106960.0,0.1599860042333603,2416.146728515625,93.9499969482422,24.36000061035156,544.1992797851562,557.4674072265625,
2025-06-27,107088.4296875,0.1610680073499679,2423.866943359375,93.27999877929688,24.1299991607666,546.0623779296875,560.2343139648438,
2025-06-28,107327.703125,0.1636919975280761,2437.109375,,,,,
2025-06-29,108385.5703125,0.1696020066738128,2500.9599609375,,,,,
2025-06-30,107135.3359375,0.1651359945535659,2486.46435546875,93.98999786376952,25.170000076293945,549.5992431640625,563.034423828125,
2025-07-01,105698.28125,0.1577509939670562,2405.792724609375,91.9499969482422,24.0,544.9664306640625,562.7767333984375,
2025-07-02,108859.3203125,0.168720006942749,2571.33544921875,95.81999969482422,26.030000686645508,548.7623291015625,565.2745361328125,
2025-07-03,109647.9765625,0.1720339953899383,2591.00732421875,95.4499969482422,25.739999771118164,554.1622924804688,570.1611938476562,
2025-07-04,108034.3359375,0.1628710031509399,2508.518310546875,,,,,
2025-07-05,108231.1796875,0.1642719954252243,2517.280029296875,,,,,
2025-07-06,109232.0703125,0.1719859987497329,2571.236572265625,,,,,
2025-07-07,108299.8515625,0.1679659932851791,2543.01318359375,94.33000183105467,25.440000534057617,549.9878540039062,565.5917358398438,
2025-07-08,108950.2734375,0.1709890067577362,2615.505859375,94.9800033569336,26.100000381469727,550.2967529296875,565.215087890625,
2025-07-09,111326.5546875,0.180755004286766,2770.777587890625,97.6500015258789,27.690000534057617,554.1921997070312,568.5653076171875,
2025-07-10,115987.203125,0.1947930008172989,2954.84521484375,99.04000091552734,28.190000534057617,553.3952026367188,570.2305908203125,
2025-07-11,117516.9921875,0.2011879980564117,2957.88623046875,103.16000366210938,30.1200008392334,552.1497192382812,568.1787719726562,
2025-07-12,117435.2265625,0.1973280012607574,2942.91162109375,,,,,
2025-07-13,119116.1171875,0.1985950022935867,2973.35888671875,,,,,
2025-07-14,119849.703125,0.1974309980869293,3013.350830078125,104.72000122070312,30.010000228881836,554.15234375,569.298828125,
2025-07-15,117777.1875,0.1991620063781738,3139.8896484375,101.63999938964844,30.440000534057617,554.660400390625,566.8307495117188,
2025-07-16,118738.5078125,0.2127469927072525,3371.5068359375,104.13999938964844,33.849998474121094,555.2283325195312,568.6942138671875,
2025-07-17,119289.84375,0.2180279940366745,3476.784423828125,103.87999725341795,34.16999816894531,559.7216186523438,572.1039428710938,
2025-07-18,118003.2265625,0.2361290007829666,3549.016357421875,102.47000122070312,35.560001373291016,559.1836547851562,571.8462524414062,
2025-07-19,117939.9765625,0.2414930015802383,3595.273681640625,,,,,
2025-07-20,117300.7890625,0.2729290127754211,3759.471435546875,,,,,
2025-07-21,117439.5390625,0.2717190086841583,3763.371337890625,101.87999725341795,37.380001068115234,562.0828857421875,572.8672485351562,
2025-07-22,119995.4140625,0.2703790068626404,3749.1455078125,104.16000366210938,36.709999084472656,559.1737060546875,572.8672485351562,
2025-07-23,118754.9609375,0.2406489998102188,3629.70361328125,103.37999725341795,35.88999938964844,561.7241821289062,577.7340087890625,
2025-07-24,118368.0,0.2319740056991577,3708.005615234375,103.9000015258789,37.439998626708984,562.9197998046875,578.1305541992188,
2025-07-25,117635.8828125,0.2368119955062866,3727.266845703125,101.97000122070312,36.41999816894531,564.2747802734375,580.4301147460938,
2025-07-26,117947.3671875,0.2355140000581741,3741.39599609375,,,,,
2025-07-27,119448.4921875,0.2408030033111572,3875.24658203125,,,,,
2025-07-28,117924.4765625,0.2252259999513626,3787.42578125,103.05999755859376,37.97999954223633,566.0381469726562,580.2913818359375,
2025-07-29,117922.1484375,0.2237929999828338,3793.454833984375,102.5,37.599998474121094,565.1614379882812,578.7847290039062,
2025-07-30,117831.1875,0.2198999971151352,3808.20166015625,101.97000122070312,37.560001373291016,565.918701171875,578.0809326171875,
2025-07-31,115758.203125,0.2098730057477951,3696.707763671875,101.83999633789062,37.29999923706055,562.9197998046875,575.91015625,
2025-08-01,113320.0859375,0.2012159973382949,3488.365966796875,98.66000366210938,34.970001220703125,551.8309326171875,566.4243774414062,
2025-08-02,112526.9140625,0.1912139952182769,3392.7412109375,,,,,
2025-08-03,114217.671875,0.198863998055458,3497.379150390625,,,,,
2025-08-04,115071.8828125,0.2104129940271377,3718.986083984375,100.12000274658205,36.63999938964844,562.0131225585938,575.0379638671875,
2025-08-05,114141.4453125,0.1997389942407608,3611.8994140625,99.1500015258789,35.66999816894531,558.197265625,572.2725219726562,
2025-08-06,115028.0,0.2052550017833709,3683.920654296875,100.62000274658205,36.79999923706055,565.2212524414062,576.5247802734375,
2025-08-07,117496.8984375,0.2223899960517883,3914.325927734375,102.6500015258789,38.70000076293945,567.1340942382812,576.1778564453125,
2025-08-08,116688.7265625,0.2302139997482299,4009.848876953125,101.5999984741211,40.61000061035156,572.4244384765625,580.5886840820312,
2025-08-09,116500.359375,0.2403250038623809,4263.59912109375,,,,,
2025-08-10,119306.7578125,0.2340990006923675,4254.2177734375,,,,,
2025-08-11,118731.4453125,0.2225500047206878,4226.966796875,103.87999725341795,42.56999969482422,570.730712890625,579.3992309570312,
2025-08-12,120172.90625,0.2356660068035125,4590.9248046875,104.41999816894533,45.20000076293945,577.9041137695312,585.5843505859375,
2025-08-13,123344.0625,0.2452020049095153,4756.27587890625,107.2699966430664,47.380001068115234,578.1930541992188,587.626220703125,
2025-08-14,118359.578125,0.2238930016756057,4548.16650390625,102.97000122070312,45.369998931884766,577.7447509765625,587.6361083984375,
2025-08-15,117398.3515625,0.2286130040884018,4439.98876953125,102.02999877929688,43.79999923706055,575.2041625976562,586.367431640625,
2025-08-16,117491.3515625,0.2312459945678711,4426.18017578125,,,,,
2025-08-17,117453.0625,0.2345650047063827,4473.271484375,,,,,
2025-08-18,116252.3125,0.2224249988794326,4312.5048828125,101.47000122070312,43.5099983215332,574.9749755859375,586.1592407226562,
2025-08-19,112831.1796875,0.2090480029582977,4073.464111328125,98.62000274658205,41.290000915527344,567.1740112304688,582.9577026367188,
2025-08-20,114274.7421875,0.221450001001358,4334.50048828125,99.68000030517578,43.439998626708984,563.8065185546875,581.4212646484375,
2025-08-21,112419.03125,0.2147489935159683,4223.2099609375,97.79000091552734,42.189998626708984,561.1961669921875,579.1316528320312,
2025-08-22,116874.0859375,0.2405900061130523,4831.3486328125,101.79000091552734,48.400001525878906,569.85400390625,587.9930419921875,
2025-08-23,115374.328125,0.2360090017318725,4776.09033203125,,,,,
2025-08-24,113458.4296875,0.231797993183136,4779.6474609375,,,,,
2025-08-25,110124.3515625,0.2098239958286285,4372.98779296875,96.62999725341795,44.18000030517578,568.2100830078125,585.5050659179688,
2025-08-26,111802.65625,0.2184650003910064,4600.4267578125,96.94000244140624,45.939998626708984,570.4916381835938,587.8442993164062,
2025-08-27,111222.0625,0.2189189940690994,4503.39306640625,97.8000030517578,45.599998474121094,571.368408203125,589.1923217773438,
2025-08-28,112544.8046875,0.2243400067090988,4507.177734375,97.66999816894533,44.34000015258789,574.9451293945312,591.27392578125,
2025-08-29,108410.8359375,0.2140350043773651,4360.15283203125,94.38999938964844,43.33000183105469,568.2898559570312,587.8641357421875,
2025-08-30,108808.0703125,0.2159799933433532,4374.1533203125,,,,,
2025-08-31,108236.7109375,0.2138150036334991,4390.01904296875,,,,,
2025-09-01,109250.59375,0.2102539986371994,4314.47021484375,,,,,
2025-09-02,111200.5859375,0.214818000793457,4325.36572265625,96.66999816894533,42.630001068115234,563.5275268554688,583.5325927734375,
2025-09-03,111723.2109375,0.2205599993467331,4450.38916015625,97.93000030517578,44.720001220703125,567.9611206054688,586.5160522460938,
2025-09-04,110723.6015625,0.2124769985675811,4298.744140625,95.79000091552734,42.68000030517578,573.1019287109375,591.3433227539062,
2025-09-05,110650.984375,0.2179040014743805,4306.98876953125,97.36000061035156,43.27000045776367,573.9288330078125,589.7276611328125,
2025-09-06,110224.6953125,0.2158859968185424,4274.2421875,,,,,
2025-09-07,111167.6171875,0.2284429967403412,4305.34765625,,,,,
2025-09-08,112071.4296875,0.2418809980154037,4308.072265625,97.80999755859376,42.849998474121094,576.7284545898438,591.2540893554688,
2025-09-09,111530.546875,0.240689992904663,4309.04150390625,97.13999938964844,42.88999938964844,578.3624877929688,592.6913452148438,
2025-09-10,113955.359375,0.2453950047492981,4349.14599609375,99.11000061035156,43.150001525878906,578.5517578125,594.4060668945312,
2025-09-11,115507.5390625,0.2556580007076263,4461.2333984375,99.91000366210938,44.209999084472656,581.919189453125,599.2531127929688,
2025-09-12,116101.578125,0.2754279971122741,4715.24609375,101.98999786376952,46.65999984741211,584.4896240234375,599.124267578125,
2025-09-13,115950.5078125,0.289463996887207,4668.1796875,,,,,
2025-09-14,115407.65625,0.2785899937152862,4609.59765625,,,,,
2025-09-15,115444.875,0.2686299979686737,4526.8203125,100.5999984741211,44.880001068115234,589.4910888671875,602.2465209960938,
2025-09-16,116843.1875,0.269771009683609,4503.564453125,101.93000030517578,44.880001068115234,588.9929809570312,601.4534912109375,
2025-09-17,116468.5078125,0.2824639976024627,4592.7333984375,100.88999938964844,45.150001525878906,587.8173217773438,600.759765625,
2025-09-18,117137.203125,0.278779000043869,4589.9189453125,102.47000122070312,45.83000183105469,593.1176147460938,603.5846557617188,
2025-09-19,115688.859375,0.2653869986534118,4470.9169921875,100.43000030517578,44.34000015258789,597.1326904296875,606.3997192382812,
2025-09-20,115721.9609375,0.267749011516571,4482.265625,,,,,
2025-09-21,115306.09375,0.2611590027809143,4451.3291015625,,,,,
2025-09-22,112748.5078125,0.2413160055875778,4202.87744140625,97.80999755859376,41.29999923706055,600.667724609375,609.353515625,
2025-09-23,112014.5,0.2373879998922348,4165.50390625,97.37000274658205,41.459999084472656,596.6779174804688,606.1617431640625,
2025-09-24,113328.6328125,0.2412440031766891,4153.46923828125,98.9499969482422,41.529998779296875,594.583251953125,604.1397094726562,
2025-09-25,109049.2890625,0.2227060049772262,3868.333984375,95.37999725341795,39.040000915527344,592.0198364257812,601.25537109375,
2025-09-26,109712.828125,0.2326290011405944,4035.887939453125,95.20999908447266,40.22999954223633,594.4535522460938,604.7939453125,
2025-09-27,109681.9453125,0.2308360040187835,4018.658203125,,,,,
2025-09-28,112122.640625,0.2373879998922348,4141.4765625,,,,,
2025-09-29,114400.3828125,0.23505699634552,4217.341796875,99.80999755859376,41.869998931884766,597.20654296875,606.4937744140625,
2025-09-30,114056.0859375,0.2329050004482269,4145.95751953125,99.80999755859376,41.54999923706055,598.8424072265625,608.7303466796875,
2025-10-01,118648.9296875,0.2483649998903274,4351.1123046875,102.51000213623048,43.310001373291016,601.7150268554688,610.9072875976562,
2025-10-02,120681.2578125,0.2619369924068451,4487.923828125,105.54000091552734,44.91999816894531,604.188720703125,611.5831909179688,
2025-10-03,122266.53125,0.2586030066013336,4514.87060546875,107.16999816894533,45.20000076293945,601.645263671875,611.6329345703125,
2025-10-04,122425.4296875,0.250916987657547,4489.197265625,,,,,
2025-10-05,123513.4765625,0.2529540061950683,4515.4228515625,,,,,
2025-10-06,124752.53125,0.2663129866123199,4687.771484375,109.44000244140624,47.20500183105469,606.1636962890625,613.720458984375,
2025-10-07,121451.3828125,0.2473160028457641,4451.15185546875,106.12000274658205,44.709999084472656,602.9718627929688,611.5335083007812,
2025-10-08,123354.8671875,0.2555629909038543,4527.64794921875,107.6500015258789,45.08000183105469,609.88427734375,615.082275390625,
2025-10-09,121705.5859375,0.2485630065202713,4369.1435546875,105.55999755859376,43.29999923706055,609.1461181640625,613.4221801757812,
2025-10-10,113214.3671875,0.1931550055742263,3843.0087890625,101.7300033569336,39.880001068115234,588.0000610351562,596.9310913085938,
2025-10-11,110807.8828125,0.1854429990053177,3750.611572265625,,,,,
2025-10-12,115169.765625,0.2077949941158294,4164.427734375,,,,,
2025-10-13,115271.078125,0.2139910012483596,4245.4677734375,101.0500030517578,42.4900016784668,600.4782104492188,605.976806640625,
2025-10-14,113118.6640625,0.2045319974422454,4125.412109375,98.20999908447266,41.0,596.4783935546875,605.1220092773438,
2025-10-15,110783.1640625,0.1963270008563995,3987.45947265625,97.02999877929688,39.779998779296875,600.6876220703125,607.7860107421875,
2025-10-16,108186.0390625,0.1883669942617416,3894.75439453125,94.37000274658205,38.619998931884766,598.4633178710938,603.7701416015625,
2025-10-17,106467.7890625,0.1848420053720474,3832.558837890625,92.86000061035156,38.220001220703125,602.393310546875,607.1199951171875,
2025-10-18,107198.265625,0.1895990073680877,3890.34619140625,,,,,
2025-10-19,108666.7109375,0.1953230053186416,3984.649658203125,,,,,
2025-10-20,110588.9296875,0.2001139968633651,3980.76025390625,96.69000244140624,39.75,609.98388671875,613.4917602539062,
2025-10-21,108476.890625,0.1943890005350113,3876.76416015625,97.5500030517578,39.939998626708984,609.8244018554688,613.4122924804688,
2025-10-22,107688.5859375,0.1900019943714141,3808.122314453125,93.95999908447266,37.95000076293945,603.9493408203125,610.310791015625,
2025-10-23,110069.7265625,0.1948439925909042,3856.0263671875,96.13999938964844,38.529998779296875,609.0264282226562,613.7601928710938,
2025-10-24,111033.921875,0.1976979970932006,3934.5673828125,96.4800033569336,39.220001220703125,615.52978515625,618.8397216796875,
2025-10-25,111641.7265625,0.1965910047292709,3953.470947265625,,,,,
2025-10-26,114472.4453125,0.2056699991226196,4157.9892578125,,,,,
2025-10-27,114119.328125,0.2003819942474365,4120.1220703125,100.2699966430664,41.90999984741211,626.4918823242188,626.2453002929688,
2025-10-28,112956.1640625,0.1937569975852966,3982.262451171875,99.08999633789062,40.31999969482422,631.3095703125,627.9252319335938,
2025-10-29,110055.3046875,0.1923899948596954,3903.35302734375,96.41000366210938,38.959999084472656,634.15234375,628.1837158203125,
2025-10-30,108305.546875,0.1827100068330764,3804.375244140625,92.73999786376952,36.77000045776367,624.45703125,621.513671875,
2025-10-31,109556.1640625,0.1864330023527145,3847.080322265625,95.69000244140624,38.779998779296875,627.4693603515625,623.3029174804688,
2025-11-01,110064.015625,0.187280997633934,3874.18798828125,,,,,
2025-11-02,110639.625,0.1865729987621307,3911.063232421875,,,,,
2025-11-03,106547.5234375,0.1672430038452148,3602.30810546875,92.88999938964844,35.7599983215332,630.4716796875,624.525634765625,
2025-11-04,101590.5234375,0.1626950055360794,3292.574462890625,87.80999755859375,32.06999969482422,617.6743774414062,617.2890014648438,
2025-11-05,103891.8359375,0.167380005121231,3425.171142578125,90.5199966430664,34.459999084472656,621.6941528320312,619.1478271484375,
2025-11-06,101301.2890625,0.1614059954881668,3312.2578125,87.94999694824219,32.970001220703125,610.1136474609375,612.5673217773438,
2025-11-07,103372.40625,0.1786729991436004,3435.301025390625,90.44000244140624,34.56999969482422,608.1885375976562,613.2134399414062,
2025-11-08,102282.1171875,0.1761820018291473,3400.3759765625,,,,,
2025-11-09,104719.640625,0.1792600005865097,3582.621337890625,,,,,
2025-11-10,105996.59375,0.1818140000104904,3568.4599609375,92.43000030517578,35.650001525878906,621.6442260742188,622.736328125,
2025-11-11,102997.46875,0.1720249950885772,3415.2822265625,89.58999633789062,34.279998779296875,619.9884643554688,624.1677856445312,
2025-11-12,101663.1875,0.1700810045003891,3413.09423828125,88.5,34.060001373291016,619.4996948242188,624.4758911132812,
2025-11-13,99697.4921875,0.1642960011959076,3232.757080078125,85.43000030517578,31.600000381469727,606.8519897460938,614.306884765625,
2025-11-14,94397.7890625,0.1574659943580627,3103.78564453125,82.1500015258789,31.290000915527344,607.310791015625,614.1478881835938,
2025-11-15,95549.1484375,0.1631370037794113,3166.63134765625,,,,,
2025-11-16,94177.078125,0.1586609929800033,3092.847412109375,,,,,
2025-11-17,92093.875,0.1518920063972473,3024.538818359375,80.0199966430664,29.950000762939453,602.1240234375,608.3923950195312,
2025-11-18,92948.875,0.1617040038108825,3122.97900390625,80.9000015258789,31.15999984741211,594.792724609375,603.3824462890625,
2025-11-19,91465.9921875,0.1543249934911728,3023.07080078125,77.93000030517578,29.329999923706055,598.3436889648438,605.5693359375,
2025-11-20,86631.8984375,0.1490920037031173,2831.777587890625,75.22000122070312,28.229999542236328,584.1798095703125,596.3843994140625,
2025-11-21,85090.6875,0.1401820033788681,2765.69921875,73.72000122070312,27.309999465942383,588.568603515625,602.3187866210938,
2025-11-22,84648.359375,0.1403039991855621,2767.607421875,,,,,
2025-11-23,86805.0078125,0.1448310017585754,2801.676025390625,,,,,
2025-11-24,88270.5625,0.1517940014600753,2952.71337890625,77.69000244140625,29.670000076293945,603.6201782226562,611.2750244140625,
2025-11-25,87341.890625,0.1529719978570938,2957.936279296875,76.08000183105469,29.229999542236328,607.3406982421875,616.9609375,
2025-11-26,90518.3671875,0.1547780036926269,3027.81201171875,78.38999938964844,30.209999084472656,612.70703125,621.2254638671875,
2025-11-27,91285.375,0.1526889950037002,3014.542236328125,,,,,
2025-11-28,90919.265625,0.1502799987792968,3032.304443359375,79.08000183105469,30.299999237060547,617.6743774414062,624.664794921875,
2025-11-29,90851.7578125,0.1485690027475357,2991.685302734375,,,,,
2025-11-30,90394.3125,0.1466690003871917,2992.112548828125,,,,,
2025-12-01,86321.5703125,0.1355880051851272,2800.18896484375,74.5199966430664,27.520000457763672,615.599609375,621.7920532226562,
2025-12-02,91350.203125,0.1459719985723495,2997.939697265625,79.3499984741211,29.75,620.4173583984375,622.845703125,
2025-12-03,93527.8046875,0.1519439965486526,3191.57177734375,81.05000305175781,31.329999923706055,621.9335327148438,625.0226440429688,
2025-12-04,92141.625,0.1475030034780502,3134.31640625,80.66000366210938,31.36000061035156,621.35498046875,625.5494384765625,
2025-12-05,89387.7578125,0.1396320015192031,3024.432861328125,77.87000274658203,30.15999984741211,623.8884887695312,626.7224731445312,
2025-12-06,89272.375,0.1397430002689361,3040.207763671875,,,,,
2025-12-07,90405.640625,0.1385760009288787,3061.3017578125,,,,,
2025-12-08,90640.203125,0.1425990015268325,3125.197998046875,79.13999938964844,31.31999969482422,622.6915893554688,624.8635864257812,
2025-12-09,92691.7109375,0.1480370014905929,3321.114990234375,81.18000030517578,33.220001220703125,623.4595947265625,624.3566284179688,
2025-12-10,92020.9453125,0.1435150057077407,3325.39013671875,80.66000366210938,33.5099983215332,626.0130615234375,628.3923950195312,
2025-12-11,92511.3359375,0.1403840035200119,3237.056884765625,79.9800033569336,32.150001525878906,623.98828125,629.9332275390625,
2025-12-12,90270.4140625,0.1369490027427673,3084.172607421875,78.66999816894531,30.75,612.0587158203125,623.1339721679688,
2025-12-13,90298.7109375,0.139165997505188,3116.6953125,,,,,
2025-12-14,88175.1796875,0.1341640055179596,3060.5947265625,,,,,
2025-12-15,86419.78125,0.129731997847557,2964.18310546875,74.73999786376953,29.190000534057617,608.9865112304688,622.2294311523438,
2025-12-16,87843.984375,0.131740003824234,2964.180908203125,76.3499984741211,29.38999938964844,610.1934204101562,620.4898681640625,
2025-12-17,86143.7578125,0.1261750012636184,2831.403564453125,74.8499984741211,28.1200008392334,598.8822631835938,613.6707153320312,
2025-12-18,85462.5078125,0.1220469996333122,2827.069091796875,73.75,27.729999542236328,607.5601806640625,618.302978515625,
2025-12-19,88103.3828125,0.1322139948606491,2977.970703125,76.69000244140625,29.8700008392334,615.4799194335938,623.8198852539062,
2025-12-20,88344.0,0.1319520026445388,2977.58251953125,,,,,
2025-12-21,88621.75,0.1310579925775528,3001.61376953125,,,,,
2025-12-22,88490.015625,0.132433995604515,3006.07373046875,76.95999908447266,29.68000030517578,618.4302368164062,627.7484130859375,
2025-12-23,87414.0,0.1291950047016143,2963.3740234375,76.33999633789062,29.59000015258789,621.3265380859375,630.67919921875,
2025-12-24,87611.9609375,0.1285180002450943,2945.590576171875,76.0199966430664,29.290000915527344,623.144287109375,632.7825927734375,
2025-12-25,87234.7421875,0.1235449984669685,2903.57958984375,,,,,
2025-12-26,87301.4296875,0.1220130026340484,2925.74560546875,76.27999877929688,29.239999771118164,623.1043090820312,632.8424072265625,
2025-12-27,87802.15625,0.1242239996790885,2947.998291015625,,,,,
2025-12-28,87835.8359375,0.1238249987363815,2948.568115234375,,,,,
2025-12-29,87138.140625,0.1227300018072128,2934.538330078125,75.87999725341797,29.18000030517578,620.088134765625,630.6094360351562,
2025-12-30,88430.1328125,0.1232760027050972,2971.416748046875,76.55000305175781,29.489999771118164,618.64990234375,629.732177734375,
2025-12-31,87508.828125,0.1172939985990524,2967.03759765625,76.2300033569336,29.61000061035156,613.536376953125,625.1566772460938,
2026-01-01,88731.984375,0.1266800016164779,3000.394287109375,,,,,
2026-01-02,89944.6953125,0.1416729986667633,3124.422607421875,78.19000244140625,31.1200008392334,612.347900390625,626.3229370117188,
2026-01-03,90603.1875,0.1430580019950866,3125.91748046875,,,,,
2026-01-04,91413.4921875,0.1493079960346222,3140.71044921875,,,,,
2026-01-05,93882.5546875,0.1518180072307586,3226.13037109375,82.0999984741211,32.35499954223633,617.2117309570312,630.4699096679688,
2026-01-06,93729.03125,0.1506330072879791,3295.94677734375,80.55000305175781,32.349998474121094,622.6348876953125,634.2080688476562,
2026-01-07,91308.0546875,0.1462550014257431,3166.843994140625,79.2300033569336,31.260000228881836,623.2341918945312,632.1744995117188,
2026-01-08,91027.125,0.1419949978590011,3104.382568359375,79.12000274658203,30.959999084472656,619.6885986328125,632.0648193359375,
2026-01-09,90513.1015625,0.1404799968004226,3083.047119140625,78.58999633789062,30.6299991607666,625.86083984375,636.3014526367188,
2026-01-10,90386.6484375,0.1394730061292648,3082.39599609375,,,,,
2026-01-11,90827.4609375,0.1377370059490203,3118.88525390625,,,,,
2026-01-12,91192.9921875,0.1365399956703186,3092.3251953125,79.69000244140625,30.920000076293945,626.3801879882812,637.3282470703125,
2026-01-13,95321.78125,0.1480949968099594,3322.095458984375,82.33000183105469,31.969999313354492,625.4513549804688,636.0223999023438,
2026-01-14,96929.328125,0.1472229957580566,3354.72265625,85.12000274658203,33.77000045776367,618.769775390625,632.9420776367188,
2026-01-15,95551.1875,0.1399949938058853,3317.101318359375,82.98999786376953,32.779998779296875,620.9970092773438,634.6167602539062,
2026-01-16,95525.1171875,0.1380590051412582,3295.482177734375,83.2300033569336,32.849998474121094,620.4776611328125,634.0885009765625,
2026-01-17,95099.921875,0.1377920061349868,3308.8642578125,,,,,
2026-01-18,93634.4296875,0.1316590011119842,3281.15771484375,,,,,
2026-01-19,92553.59375,0.1290670037269592,3186.62109375,,,,,
2026-01-20,88310.90625,0.1232670024037361,2935.605712890625,77.9800033569336,29.920000076293945,607.2942504882812,621.189208984375,
2026-01-21,89376.9609375,0.1264799982309341,2978.901123046875,78.48999786376953,30.190000534057617,615.50390625,628.3067016601562,
2026-01-22,89462.453125,0.1242069974541664,2949.63330078125,77.83000183105469,29.270000457763672,619.978271484375,631.5763549804688,
2026-01-23,89503.875,0.1246460005640983,2953.25634765625,77.91999816894531,29.280000686645508,621.935791015625,631.8355712890625,
2026-01-24,89110.734375,0.1240959987044334,2948.74072265625,,,,,
2026-01-25,86572.21875,0.1192990019917488,2815.90234375,,,,,
2026-01-26,88267.140625,0.1222999989986419,2926.45703125,76.26000213623047,28.90999984741211,624.67236328125,635.0853271484375,
2026-01-27,89102.5703125,0.126010000705719,3022.2109375,77.83000183105469,30.11000061035156,630.335205078125,637.6870727539062,
2026-01-28,89184.5703125,0.1248729974031448,3006.607421875,77.55000305175781,30.010000228881836,632.4225463867188,637.58740234375,
2026-01-29,84561.5859375,0.1170990020036697,2818.232666015625,73.1500015258789,27.920000076293945,628.6373291015625,636.2615966796875,
2026-01-30,84128.65625,0.1156629994511604,2702.375244140625,73.0199966430664,26.649999618530273,621.0868530273438,634.218017578125,
2026-01-31,78621.1171875,0.1040989980101585,2445.091796875,,,,,
2026-02-01,76974.4453125,0.1043440029025077,2267.96484375,,,,,
2026-02-02,78688.765625,0.107863999903202,2344.356689453125,67.88999938964844,23.13999938964844,625.3515014648438,637.6671142578125,
2026-02-03,75633.546875,0.1056459993124008,2227.558837890625,66.58000183105469,22.90999984741211,615.7435913085938,632.1546020507812,
2026-02-04,73019.703125,0.1037670001387596,2143.504150390625,63.900001525878906,21.600000381469727,604.9871826171875,628.9247436523438,
2026-02-05,62702.09765625,0.0882859975099563,1821.68310546875,55.45000076293945,18.600000381469727,596.2781982421875,621.1392822265625,
2026-02-06,70555.390625,0.0984890013933181,2063.386962890625,60.959999084472656,20.479999542236328,608.8822631835938,633.2410888671875,
2026-02-07,69281.96875,0.0982770025730133,2090.54931640625,,,,,
2026-02-08,70264.7265625,0.0967380031943321,2088.762939453125,,,,,
2026-02-09,70120.78125,0.0960209965705871,2103.567626953125,61.60499954223633,21.18000030517578,613.54638671875,636.2216796875,
2026-02-10,68793.9609375,0.0926989987492561,2019.4974365234375,59.900001525878906,20.059999465942383,610.699951171875,634.4373779296875,
2026-02-11,66991.96875,0.0910490006208419,1940.621337890625,58.81999969482422,19.459999084472656,612.337890625,634.3475952148438,
2026-02-12,66221.84375,0.0929889976978302,1946.940673828125,56.90999984741211,19.09000015258789,599.8836059570312,624.5186767578125,
2026-02-13,68857.84375,0.0965820029377937,2048.52734375,59.88999938964844,20.399999618530273,601.1619873046875,624.9174194335938,
2026-02-14,69767.625,0.1111690029501915,2086.009765625,,,,,
2026-02-15,68788.1875,0.1026569977402687,1966.04296875,,,,,
2026-02-16,68843.15625,0.1009820029139518,1997.917724609375,,,,,
2026-02-17,67494.21875,0.1006309986114502,1992.1943359375,59.02000045776367,19.8799991607666,600.542724609375,626.013916015625,
2026-02-18,66425.3203125,0.0985129997134208,1953.97412109375,57.689998626708984,19.31999969482422,605.027099609375,629.1640014648438,
2026-02-19,66957.5234375,0.0982899963855743,1948.2010498046875,58.459999084472656,19.420000076293945,602.7100219726562,627.5491333007812,
2026-02-20,68005.421875,0.1001230031251907,1969.0223388671875,59.0099983215332,19.649999618530273,608.0433349609375,632.0249633789062,
2026-02-21,68003.765625,0.0984779968857765,1973.7371826171875,,,,,
2026-02-22,67659.390625,0.0954530015587806,1957.805908203125,,,,,
2026-02-23,64616.73828125,0.0925730019807815,1855.5028076171875,56.130001068115234,18.559999465942383,600.652587890625,625.6550903320312,
2026-02-24,64080.04296875,0.0914620012044906,1852.969482421875,56.130001068115234,18.520000457763672,607.1044921875,630.220703125,
2026-02-25,67960.125,0.1007390022277832,2054.6279296875,60.29999923706055,20.704999923706055,615.9033813476562,635.52392578125,
2026-02-26,67453.7734375,0.0970290005207061,2026.7926025390625,58.7400016784668,20.190000534057617,608.4727783203125,631.9552001953125,
2026-02-27,65881.796875,0.0933699980378151,1930.7618408203125,57.150001525878906,19.174999237060547,606.5252075195312,629.0543212890625,
2026-02-28,66995.859375,0.0940639972686767,1965.050537109375,,,,,
2026-03-01,65738.1015625,0.0919290035963058,1939.066650390625,,,,,
2026-03-02,68775.8515625,0.0935470014810562,2027.2689208984375,60.2599983215332,20.309999465942383,607.32421875,629.2936401367188,
2026-03-03,68293.6484375,0.0900330021977424,1982.7689208984375,59.45000076293945,19.719999313354492,600.8224487304688,623.7510375976562,
2026-03-04,72710.578125,0.0990279987454414,2126.50537109375,63.68000030517578,21.459999084472656,609.9808959960938,628.197021484375,
2026-03-05,70841.125,0.0935359969735145,2071.60546875,62.04999923706055,20.850000381469727,608.1431274414062,624.837646484375,
2026-03-06,68136.4921875,0.0912619978189468,1978.751220703125,59.310001373291016,19.719999313354492,598.9946899414062,616.4840087890625,
2026-03-07,67272.59375,0.0899370014667511,1969.4554443359375,,,,,
2026-03-08,65969.78125,0.0891629979014396,1936.604736328125,,,,,
2026-03-09,68402.3828125,0.0903820022940635,1992.938232421875,60.130001068115234,20.299999237060547,606.99462890625,621.8370971679688,
2026-03-10,69926.921875,0.0945470035076141,2037.1204833984375,61.029998779296875,20.31999969482422,607.004638671875,620.760498046875,
2026-03-11,70204.8828125,0.0928860008716583,2051.5732421875,61.56999969482422,20.719999313354492,606.9247436523438,620.0726928710938,
2026-03-12,70493.4609375,0.0947360023856163,2073.13623046875,61.369998931884766,20.649999618530273,596.5078735351562,610.5726928710938,
2026-03-13,70968.265625,0.0959450006484985,2092.5634765625,61.97999954223633,20.959999084472656,592.9722900390625,607.1734619140625,
2026-03-14,71214.625,0.0959910005331039,2097.086669921875,,,,,
2026-03-15,72789.9140625,0.0973939970135688,2177.476318359375,,,,,
2026-03-16,74861.0859375,0.103141002357006,2351.176025390625,64.44000244140625,23.260000228881836,599.6239013671875,613.2542114257812,
2026-03-17,73922.4765625,0.1001589968800544,2318.053466796875,64.94000244140625,23.13999938964844,602.5502319335938,614.9488525390625,
2026-03-18,71245.578125,0.0951829999685287,2203.671630859375,61.88999938964844,21.780000686645508,594.15087890625,606.4656372070312,
2026-03-19,69912.7890625,0.0935520008206367,2137.423828125,61.189998626708984,21.34000015258789,592.273193359375,604.8407592773438,
2026-03-20,70522.5859375,0.0941710025072097,2146.4970703125,61.119998931884766,21.25,581.3269653320312,596.0584716796875,
2026-03-21,68711.5234375,0.0912159979343414,2076.68994140625,,,,,
2026-03-22,67845.2109375,0.0901039987802505,2053.04833984375,,,,,
2026-03-23,70914.859375,0.0941879972815513,2152.14599609375,61.54999923706055,21.469999313354492,588.0,602.528076171875,
2026-03-24,70517.859375,0.0951030030846595,2155.704345703125,60.400001525878906,21.079999923706055,583.97998046875,600.4844970703125,
2026-03-25,71309.8828125,0.0961190015077591,2168.021484375,61.689998626708984,21.649999618530273,587.8200073242188,603.754150390625,
2026-03-26,68791.625,0.0920220017433166,2059.578369140625,59.65999984741211,20.40999984741211,573.7899780273438,593.0479736328125,
2026-03-27,66338.375,0.0900169983506202,1991.27197265625,57.470001220703125,19.84000015258789,562.5800170898438,582.9600219726562,
2026-03-28,66319.6953125,0.090887002646923,1992.694580078125,,,,,
2026-03-29,65954.921875,0.0903970003128051,1982.5596923828125,,,,,
2026-03-30,66691.4453125,0.0907109975814819,2023.514892578125,57.88999938964844,20.13999938964844,558.280029296875,580.9299926757812,
2026-03-31,68233.3125,0.0922079980373382,2104.708251953125,59.029998779296875,20.8799991607666,577.1799926757812,597.5499877929688,
2026-04-01,68078.5546875,0.0921910032629966,2138.737060546875,59.36000061035156,21.34000015258789,584.3099975585938,602.2999877929688,
2026-04-02,66888.5703125,0.0903740003705024,2056.8525390625,58.36000061035156,20.579999923706055,584.97998046875,602.989990234375,
2026-04-03,66931.1015625,0.0915350019931793,2053.38525390625,,,,,
2026-04-04,67290.515625,0.0920180007815361,2065.3515625,,,,,
2026-04-05,68981.8984375,0.0922669991850853,2108.99560546875,,,,,
2026-04-06,68859.828125,0.0905949994921684,2107.761474609375,60.720001220703125,21.3799991607666,588.5,605.6699829101562,
2026-04-07,71940.703125,0.0950360000133514,2241.806640625,60.09000015258789,21.059999465942383,588.5900268554688,606.0399780273438,
2026-04-08,71123.359375,0.0923969969153404,2190.33544921875,62.13999938964844,22.040000915527344,606.0900268554688,621.3400268554688,
2026-04-09,71767.828125,0.0925299972295761,2189.14404296875,62.83000183105469,22.100000381469727,610.1900024414062,625.02001953125,
2026-04-10,72979.046875,0.0937340036034584,2245.148681640625,63.849998474121094,22.469999313354492,611.0700073242188,624.5999755859375,
2026-04-11,73054.2734375,0.0931119993329048,2285.39013671875,,,,,
2026-04-12,70753.40625,0.0908339992165565,2192.201171875,,,,,
2026-04-13,74484.640625,0.0941260010004043,2370.71484375,63.900001525878906,22.559999465942383,617.3900146484375,630.719970703125,
2026-04-14,74181.609375,0.0930119976401329,2323.30859375,64.70999908447266,23.079999923706055,628.5999755859375,638.3499755859375,
2026-04-15,74805.078125,0.0949190035462379,2359.43701171875,65.36000061035156,23.690000534057617,637.4000244140625,643.4500122070312,
2026-04-16,75152.1328125,0.0991960018873214,2348.64501953125,65.62999725341797,23.530000686645508,640.469970703125,644.8599853515625,
2026-04-17,77126.875,0.0995450019836425,2421.07177734375,67.4800033569336,24.229999542236328,648.8499755859375,652.780029296875,
2026-04-18,75726.2109375,0.0949039980769157,2351.1005859375,,,,,
2026-04-19,73856.3515625,0.0930600017309188,2264.9169921875,,,,,
2026-04-20,75872.5234375,0.0952460020780563,2315.21240234375,66.44000244140625,23.25,646.7899780273438,651.5399780273438,
2026-04-21,76352.7734375,0.0951509997248649,2327.970458984375,65.31999969482422,22.899999618530273,644.3300170898438,647.25,
2026-04-22,78203.1015625,0.0957380011677742,2376.088134765625,68.69000244140625,23.905000686645508,655.1099853515625,653.9000244140625,
2026-04-23,78268.953125,0.0972030013799667,2331.513916015625,67.66999816894531,23.059999465942383,651.4199829101562,651.260009765625,
2026-04-24,77455.3125,0.0984560027718544,2315.690185546875,67.61000061035156,23.13999938964844,663.8800048828125,656.4199829101562,
2026-04-25,77612.015625,0.0980480015277862,2318.8291015625,,,,,
2026-04-26,78657.5390625,0.0992890000343322,2369.72900390625,,,,,
2026-04-27,77366.625,0.0989779978990554,2303.06396484375,66.94999694824219,22.809999465942383,664.22998046875,657.5,
2026-04-28,76350.671875,0.0993790030479431,2289.419677734375,66.4800033569336,22.93000030517578,657.5499877929688,654.260009765625,
2026-04-29,75776.1328125,0.1040180027484893,2253.415771484375,65.70999908447266,22.260000228881836,661.5700073242188,654.239990234375,
2026-04-30,76304.3203125,0.1064930036664009,2256.251220703125,66.52999877929688,22.530000686645508,667.739990234375,660.5800170898438,
2026-05-01,78179.0,0.1083939969539642,2295.09375,68.30000305175781,22.979999542236328,674.1500244140625,662.52001953125,
2026-05-02,78657.25,0.1084460020065307,2316.23193359375,,,,,
2026-05-03,78538.2265625,0.1082739979028701,2321.6357421875,,,,,
2026-05-04,79827.90625,0.1101720035076141,2346.39697265625,69.72000122070312,23.489999771118164,672.8800048828125,660.1199951171875,
2026-05-05,80927.0546875,0.1148839965462684,2361.1826171875,71.08000183105469,23.649999618530273,681.6099853515625,665.2999877929688,
2026-05-06,81427.53125,0.1124270036816597,2350.802001953125,70.91999816894531,23.40999984741211,695.77001953125,674.6599731445312,
2026-05-07,80009.9921875,0.1078099980950355,2291.107666015625,69.80000305175781,22.88999938964844,694.9400024414062,672.5399780273438,
2026-05-08,80186.765625,0.1094560027122497,2306.97216796875,69.80999755859375,23.079999923706055,711.22998046875,678.0399780273438,
2026-05-09,80664.3671875,0.1087170019745826,2326.727294921875,,,,,
2026-05-10,82138.9296875,0.1125179976224899,2369.0439453125,,,,,
2026-05-11,81728.296875,0.1112750023603439,2339.36083984375,71.3499984741211,23.309999465942383,713.2899780273438,679.52001953125,
2026-05-12,,,,70.36000061035156,22.760000228881836,707.239990234375,678.6699829101562,
2026-05-13,81062.0,0.1111399978399276,2295.3701171875,,,,,
2026-05-14,81051.25,0.11529000103473663,2280.934814453125,70.88999938964844,22.899999618530273,719.7899780273438,687.72998046875,559.8990478515625
2026-05-15,79065.6796875,0.1133589968085289,2223.328857421875,68.83999633789062,22.1299991607666,708.9299926757812,679.4400024414062,514.95703125
2026-05-16,78131.4375,0.10936199873685837,2179.751953125,,,,,511.1135559082031
2026-05-17,77429.3515625,0.10877499729394913,2127.645263671875,,,,,534.9691772460938
2026-05-18,76954.171875,0.10465099662542343,2128.51611328125,66.87000274658203,21.149999618530273,705.8800048828125,678.9099731445312,560.7362060546875
2026-05-19,76750.90625,0.10292299836874008,2109.9638671875,66.81999969482422,21.040000915527344,701.530029296875,674.5900268554688,573.7797241210938
2026-05-20,77457.7734375,0.1035740002989769,2126.9833984375,67.56999969482422,21.295000076293945,713.1500244140625,681.5700073242188,670.8673095703125
2026-05-21,77539.171875,0.10549400001764297,2131.41064453125,67.55999755859375,21.329999923706055,714.510009765625,682.8400268554688,663.9717407226562
2026-05-22,75488.2421875,0.10225500166416168,2064.636962890625,65.9800033569336,20.549999237060547,717.5399780273438,685.5499877929688,584.3365478515625
2026-05-23,76673.3671875,0.10298199951648712,2115.951416015625,,,,,631.4450073242188
2026-05-24,76981.125,0.10219399631023407,2097.993896484375,,,,,662.232177734375
2026-05-25,77279.9296875,0.1020670011639595,2111.370361328125,,,,,652.5804443359375
2026-05-26,75825.734375,0.10090900212526321,2070.858154296875,66.05999755859375,20.639999389648438,730.280029296875,690.010009765625,568.7587890625
2026-05-27,74344.703125,0.10041599720716476,2022.1982421875,65.22000122070312,20.450000762939453,729.4500122070312,689.9600219726562,541.7402954101562
2026-05-28,73562.7578125,0.09978000074625015,2014.4300537109375,63.84000015258789,20.040000915527344,735.5999755859375,693.9099731445312,555.72998046875
