ACCOUNT,SOURCE_FILE,SOURCE_LINE,Date,Activity,Fund/Offering,Amount,Share Quantity,Price Per Share
2436286,2436286-transaction-history-export.csv,42,03/19/2026,Public listing,Innovation Fund,,443.392535,
2436286,2436286-transaction-history-export.csv,43,02/23/2026,Investment,Innovation Fund,100.00,5.479452,18.25
2436286,2436286-transaction-history-export.csv,44,02/19/2026,Reinvestment,Innovation Fund,0.87,0.047671,18.25
2436286,2436286-transaction-history-export.csv,45,02/18/2026,Dividend,Innovation Fund,0.87,,
2436286,2436286-transaction-history-export.csv,46,02/13/2026,Investment,Innovation Fund,100.00,5.476451,18.26
2436286,2436286-transaction-history-export.csv,47,02/06/2026,Investment,Innovation Fund,100.00,5.467469,18.29
2436286,2436286-transaction-history-export.csv,48,01/30/2026,Investment,Innovation Fund,100.00,5.503577,18.17
2436286,2436286-transaction-history-export.csv,49,01/26/2026,Investment,Innovation Fund,100.00,5.966587,16.76
2436286,2436286-transaction-history-export.csv,50,01/16/2026,Investment,Innovation Fund,100.00,6.031363,16.58
2436286,2436286-transaction-history-export.csv,51,01/09/2026,Investment,Innovation Fund,100.00,5.998800,16.67
2436286,2436286-transaction-history-export.csv,52,01/09/2026,Reinvestment,Innovation Fund,71.04,4.264106,16.66
2436286,2436286-transaction-history-export.csv,53,01/08/2026,Dividend,Innovation Fund,71.04,,
2436286,2436286-transaction-history-export.csv,54,01/05/2026,Investment,Innovation Fund,100.00,6.253909,15.99
2436286,2436286-transaction-history-export.csv,55,12/29/2025,Investment,Innovation Fund,100.00,6.172840,16.20
2436286,2436286-transaction-history-export.csv,56,12/19/2025,Investment,Innovation Fund,100.00,6.169031,16.21
2436286,2436286-transaction-history-export.csv,57,12/12/2025,Investment,Innovation Fund,100.00,6.480881,15.43
2436286,2436286-transaction-history-export.csv,58,12/02/2025,Investment,Innovation Fund,100.00,6.501951,15.38
2436286,2436286-transaction-history-export.csv,59,11/21/2025,Investment,Innovation Fund,100.00,6.510417,15.36
2436286,2436286-transaction-history-export.csv,60,11/18/2025,Investment,Innovation Fund,100.00,6.510417,15.36
2436286,2436286-transaction-history-export.csv,61,11/07/2025,Investment,Innovation Fund,100.00,6.596306,15.16
2436286,2436286-transaction-history-export.csv,62,10/31/2025,Investment,Innovation Fund,100.00,6.596306,15.16
2436286,2436286-transaction-history-export.csv,63,10/27/2025,Investment,Innovation Fund,100.00,6.583278,15.19
2436286,2436286-transaction-history-export.csv,64,10/20/2025,Investment,Innovation Fund,100.00,6.591958,15.17
2436286,2436286-transaction-history-export.csv,65,10/10/2025,Investment,Innovation Fund,100.00,6.711409,14.90
2436286,2436286-transaction-history-export.csv,66,10/10/2025,Reinvestment,Innovation Fund,0.95,0.063844,14.88
2436286,2436286-transaction-history-export.csv,67,10/09/2025,Dividend,Innovation Fund,0.95,,
2436286,2436286-transaction-history-export.csv,68,10/03/2025,Investment,Innovation Fund,100.00,6.715917,14.89
2436286,2436286-transaction-history-export.csv,69,09/26/2025,Investment,Innovation Fund,100.00,6.752194,14.81
2436286,2436286-transaction-history-export.csv,70,09/19/2025,Investment,Innovation Fund,100.00,6.720430,14.88
2436286,2436286-transaction-history-export.csv,71,09/18/2025,Investment,Innovation Fund,1000.00,67.159167,14.89
2436286,2436286-transaction-history-export.csv,72,09/18/2025,Investment,Innovation Fund,1000.00,67.159167,14.89
2436286,2436286-transaction-history-export.csv,73,09/12/2025,Investment,Innovation Fund,100.00,6.720430,14.88
2436286,2436286-transaction-history-export.csv,74,09/08/2025,Investment,Innovation Fund,100.00,6.706908,14.91
2436286,2436286-transaction-history-export.csv,75,08/29/2025,Investment,Innovation Fund,100.00,7.770008,12.87
2436286,2436286-transaction-history-export.csv,76,08/22/2025,Investment,Innovation Fund,100.00,7.776050,12.86
2436286,2436286-transaction-history-export.csv,77,08/15/2025,Investment,Innovation Fund,100.00,7.776050,12.86
2436286,2436286-transaction-history-export.csv,78,08/11/2025,Investment,Innovation Fund,100.00,7.806401,12.81
2436286,2436286-transaction-history-export.csv,79,08/08/2025,Investment,Innovation Fund,100.00,7.794232,12.83
2436286,2436286-transaction-history-export.csv,80,08/01/2025,Investment,Innovation Fund,100.00,7.751938,12.90
2436286,2436286-transaction-history-export.csv,81,07/25/2025,Investment,Innovation Fund,100.00,7.830854,12.77
2436286,2436286-transaction-history-export.csv,82,07/14/2025,Investment,Innovation Fund,100.00,7.974482,12.54
2436286,2436286-transaction-history-export.csv,83,07/11/2025,Reinvestment,Innovation Fund,0.33,0.026274,12.56
2436286,2436286-transaction-history-export.csv,84,07/10/2025,Dividend,Innovation Fund,0.33,,
2436286,2436286-transaction-history-export.csv,85,06/30/2025,Investment,Innovation Fund,100.00,8.103728,12.34
2436286,2436286-transaction-history-export.csv,86,06/16/2025,Investment,Innovation Fund,100.00,8.143322,12.28
2436286,2436286-transaction-history-export.csv,87,06/02/2025,Investment,Innovation Fund,100.00,8.058018,12.41
2436286,2436286-transaction-history-export.csv,88,05/23/2025,Investment,Innovation Fund,100.00,7.955449,12.57
2436286,2436286-transaction-history-export.csv,89,05/16/2025,Investment,Innovation Fund,100.00,8.038585,12.44
2436286,2436286-transaction-history-export.csv,90,05/09/2025,Investment,Innovation Fund,100.00,8.090615,12.36
2436286,2436286-transaction-history-export.csv,91,05/02/2025,Investment,Innovation Fund,100.00,8.149959,12.27
2436286,2436286-transaction-history-export.csv,92,04/18/2025,Investment,Innovation Fund,100.00,8.149959,12.27
2436286,2436286-transaction-history-export.csv,93,04/10/2025,Reinvestment,Innovation Fund,0.07,0.005922,11.82
2436286,2436286-transaction-history-export.csv,94,04/09/2025,Dividend,Innovation Fund,0.07,,
2436286,2436286-transaction-history-export.csv,95,04/08/2025,Investment,Innovation Fund,100.00,8.453085,11.83
2436286,2436286-transaction-history-export.csv,96,02/20/2025,Investment,Innovation Fund,100.00,8.928571,11.20
2436286,2436286-transaction-history-export.csv,97,01/16/2025,Investment,Innovation Fund,100.00,8.896797,11.24
2694448,2694448-transaction-history-export.csv,11,03/19/2026,Public listing,Innovation Fund,,109.709798,
2694448,2694448-transaction-history-export.csv,14,02/19/2026,Investment,Innovation Fund,1000.00,54.734537,18.27
2694448,2694448-transaction-history-export.csv,15,01/29/2026,Investment,Innovation Fund,1000.00,54.975261,18.19
