TICKER,DATE,AMOUNT
APO,2025-02-18,0.463
APO,2025-05-16,0.51
APO,2025-08-18,0.51
APO,2025-11-17,0.51
APO,2026-02-19,0.51
APO,2026-05-19,0.563
APO,2026-08-19,0.563
BX,2025-02-10,1.44
BX,2025-04-28,0.93
BX,2025-08-04,1.03
BX,2025-11-03,1.29
BX,2026-02-09,1.49
BX,2026-05-04,1.16
BX,2026-08-03,1.29
CG,2025-02-21,0.35
CG,2025-05-19,0.35
CG,2025-08-18,0.35
CG,2025-11-10,0.35
CG,2026-02-13,0.35
CG,2026-05-18,0.35
CG,2026-08-17,0.35
KKR,2025-02-14,0.175
KKR,2025-05-12,0.185
KKR,2025-08-11,0.185
KKR,2025-11-17,0.185
KKR,2026-02-17,0.185
KKR,2026-05-15,0.195
KKR,2026-08-10,0.195
QQQ,2025-03-24,0.716
QQQ,2025-06-23,0.591
QQQ,2025-09-22,0.694
QQQ,2025-12-22,0.794
QQQ,2026-03-23,0.733
QQQ,2026-06-22,0.813
QQQ,2026-09-21,0.751
VOO,2025-03-27,1.812
VOO,2025-06-30,1.745
VOO,2025-09-29,1.74
VOO,2025-12-22,1.771
VOO,2026-03-27,1.872
VOO,2026-06-26,1.962
VOO,2026-09-28,1.823
