,APO,BX,CG,KKR,QQQ,RVII,VCX,VOO
2025-01-10,155.38999938964844,164.85000610351562,50.31999969482422,140.92999267578125,507.19000244140625,,,533.8900146484375
2025-01-13,154.8000030517578,165.77000427246094,50.540000915527344,141.25,505.55999755859375,,,534.5800170898438
2025-01-14,159.3300018310547,169.32000732421875,51.81999969482422,143.64999389648438,505.0799865722656,,,535.260009765625
2025-01-15,164.85000610351562,175.13999938964844,53.900001525878906,150.5,516.7000122070312,,,545.0499877929688
2025-01-16,165.9199981689453,176.72000122070312,54.27000045776367,153.24000549316406,513.0800170898438,,11.240000193328003,544.239990234375
2025-01-17,166.99000549316406,179.9499969482422,55.2400016784668,157.57000732421875,521.739990234375,,11.240000193328003,549.4600219726562
2025-01-21,169.24000549316406,181.52000427246094,56.40999984741211,160.7100067138672,524.7999877929688,,11.240000193328003,554.4600219726562
2025-01-22,168.89999389648438,182.77000427246094,56.619998931884766,161.50999450683594,531.510009765625,,11.240000193328003,557.6099853515625
2025-01-23,169.75,185.52000427246094,56.959999084472656,165.33999633789062,532.6400146484375,,11.240000193328003,560.7000122070312
2025-01-24,172.05999755859375,186.74000549316406,56.83000183105469,165.52999877929688,529.6300048828125,,11.240000193328003,559.010009765625
2025-01-27,167.25999450683594,182.52000427246094,55.7599983215332,161.1999969482422,514.2100219726562,,11.240000193328003,551.22998046875
2025-01-28,169.30999755859375,185.58999633789062,56.95000076293945,167.0500030517578,521.8099975585938,,11.240000193328003,555.8499755859375
2025-01-29,171.10000610351562,185.3800048828125,56.349998474121094,166.3000030517578,520.8300170898438,,11.240000193328003,553.4099731445312
2025-01-30,171.75999450683594,177.77999877929688,56.310001373291016,166.8699951171875,523.0499877929688,,11.240000193328003,556.2999877929688
2025-01-31,170.97999572753906,177.11000061035156,56.15999984741211,167.07000732421875,522.2899780273438,,11.240000193328003,553.3300170898438
2025-02-03,167.1199951171875,173.5399932861328,54.18000030517578,163.22000122070312,518.1099853515625,,11.240000193328003,549.7000122070312
2025-02-04,162.58999633789062,170.8300018310547,52.18000030517578,149.3000030517578,524.469970703125,,11.240000193328003,553.3499755859375
2025-02-05,165.75,174.85000610351562,52.58000183105469,153.80999755859375,526.8499755859375,,11.240000193328003,555.6199951171875
2025-02-06,164.8800048828125,174.5500030517578,52.58000183105469,151.58999633789062,529.5999755859375,,11.240000193328003,557.6199951171875
2025-02-07,163.4499969482422,170.27000427246094,52.4900016784668,148.61000061035156,522.9199829101562,,11.240000193328003,552.2000122070312
2025-02-10,162.1699981689453,168.61000061035156,51.47999954223633,147.92999267578125,529.25,,11.240000193328003,556.1500244140625
2025-02-11,158.0800018310547,164.77999877929688,49.58000183105469,142.4600067138672,527.989990234375,,11.240000193328003,556.6500244140625
2025-02-12,157.44000244140625,160.88999938964844,49.95000076293945,139.5399932861328,528.2999877929688,,11.240000193328003,554.8099975585938
2025-02-13,157.9199981689453,160.47999572753906,51.029998779296875,139.3000030517578,535.9000244140625,,11.240000193328003,560.6699829101562
2025-02-14,162.80999755859375,164.83999633789062,51.77000045776367,140.55999755859375,538.1500244140625,,11.240000193328003,560.6900024414062
2025-02-18,162.05999755859375,166.74000549316406,53.45000076293945,140.60000610351562,539.3699951171875,,11.240000193328003,562.3099975585938
2025-02-19,160.27000427246094,166.85000610351562,52.5099983215332,138.47000122070312,539.52001953125,,11.240000193328003,563.6699829101562
2025-02-20,156.7899932861328,163.89999389648438,52.0099983215332,134.5500030517578,537.22998046875,,11.219964715454962,561.2999877929688
2025-02-21,150.5500030517578,158.3800048828125,49.86000061035156,132.22000122070312,526.0800170898438,,11.219964715454962,551.75
2025-02-24,147.8699951171875,157.07000732421875,49.43000030517578,131.19000244140625,519.8699951171875,,11.219964715454962,549.1400146484375
2025-02-25,145.3000030517578,157.22999572753906,48.88999938964844,129.58999633789062,513.3200073242188,,11.219964715454962,546.4099731445312
2025-02-26,147.64999389648438,159.4600067138672,49.61000061035156,132.67999267578125,514.5599975585938,,11.219964715454962,546.75
2025-02-27,147.44000244140625,157.38999938964844,48.540000915527344,132.1999969482422,500.2699890136719,,11.219964715454962,537.969970703125
2025-02-28,149.27000427246094,161.16000366210938,49.84000015258789,135.58999633789062,508.1700134277344,,11.219964715454962,546.3300170898438
2025-03-03,144.5800018310547,158.52999877929688,48.27000045776367,133.00999450683594,497.04998779296875,,11.219964715454962,536.9199829101562
2025-03-04,137.9199981689453,150.72999572753906,45.060001373291016,120.77999877929688,495.54998779296875,,11.219964715454962,530.4500122070312
2025-03-05,140.52999877929688,152.0399932861328,46.15999984741211,123.02999877929688,502.010009765625,,11.219964715454962,536.4000244140625
2025-03-06,134.77999877929688,145.6300048828125,43.54999923706055,116.12999725341797,488.20001220703125,,11.219964715454962,526.6699829101562
2025-03-07,132.39999389648438,145.14999389648438,43.0,115.2699966430664,491.7900085449219,,11.219964715454962,529.510009765625
2025-03-10,126.01000213623047,139.3699951171875,40.029998779296875,108.16999816894531,472.7300109863281,,11.219964715454962,515.510009765625
2025-03-11,130.4199981689453,138.13999938964844,41.06999969482422,112.11000061035156,471.6000061035156,,11.219964715454962,511.2799987792969
2025-03-12,134.9199981689453,140.5399932861328,42.029998779296875,114.37000274658203,476.9200134277344,,11.219964715454962,513.760009765625
2025-03-13,130.24000549316406,136.52999877929688,40.5,108.69000244140625,468.3399963378906,,11.219964715454962,507.04998779296875
2025-03-14,134.32000732421875,140.88999938964844,42.36000061035156,113.30999755859375,479.6600036621094,,11.219964715454962,517.4600219726562
2025-03-17,138.6999969482422,147.77999877929688,43.63999938964844,115.68000030517578,482.7699890136719,,11.219964715454962,521.4099731445312
2025-03-18,137.44000244140625,146.19000244140625,42.20000076293945,114.0199966430664,474.5400085449219,,11.219964715454962,515.9099731445312
2025-03-19,143.39999389648438,149.72000122070312,43.459999084472656,116.54000091552734,480.8900146484375,,11.219964715454962,521.3300170898438
2025-03-20,144.77000427246094,148.75,43.810001373291016,116.70999908447266,479.260009765625,,11.219964715454962,520.1300048828125
2025-03-21,143.41000366210938,148.2899932861328,44.130001068115234,116.5,480.8399963378906,,11.219964715454962,520.260009765625
2025-03-24,148.39999389648438,152.0800018310547,46.2400016784668,121.97000122070312,490.6600036621094,,11.219964715454962,529.3900146484375
2025-03-25,147.89999389648438,151.2100067138672,46.529998779296875,122.18000030517578,493.4599914550781,,11.219964715454962,530.6500244140625
2025-03-26,144.63999938964844,146.66000366210938,46.119998931884766,119.44000244140625,484.3800048828125,,11.219964715454962,524.4600219726562
2025-03-27,142.02999877929688,144.5,45.09000015258789,117.54000091552734,481.6199951171875,,11.219964715454962,521.2100219726562
2025-03-28,136.9600067138672,138.11000061035156,43.150001525878906,114.86000061035156,468.94000244140625,,11.219964715454962,510.79998779296875
2025-03-31,136.94000244140625,139.77999877929688,43.59000015258789,115.61000061035156,468.9200134277344,,11.219964715454962,513.9099731445312
2025-04-01,138.3699951171875,142.8000030517578,44.27000045776367,117.83999633789062,472.70001220703125,,11.219964715454962,515.7999877929688
2025-04-02,141.52000427246094,147.66000366210938,46.310001373291016,120.9000015258789,476.1499938964844,,11.219964715454962,518.9099731445312
2025-04-03,123.44999694824219,133.10000610351562,38.709999084472656,102.55000305175781,450.6600036621094,,11.219964715454962,494.1600036621094
2025-04-04,108.68000030517578,125.04000091552734,35.88999938964844,92.79000091552734,422.6700134277344,,11.219964715454962,465.5199890136719
2025-04-07,112.36000061035156,124.6500015258789,36.91999816894531,97.54000091552734,423.69000244140625,,11.219964715454962,463.55999755859375
2025-04-08,110.41000366210938,120.06999969482422,35.41999816894531,94.51000213623047,416.05999755859375,,11.41619714067643,456.739990234375
2025-04-09,128.4499969482422,137.36000061035156,39.560001373291016,110.45999908447266,466.0,,11.41619714067643,499.1000061035156
2025-04-10,123.93000030517578,127.44999694824219,36.630001068115234,101.87000274658203,446.17999267578125,,11.416288194031626,482.05999755859375
2025-04-11,125.91999816894531,127.18000030517578,36.22999954223633,101.44000244140625,454.3999938964844,,11.416288194031626,490.54998779296875
2025-04-14,125.5199966430664,130.47000122070312,36.59000015258789,103.12999725341797,457.4800109863281,,11.416288194031626,495.4800109863281
2025-04-15,127.83999633789062,133.5399932861328,36.970001220703125,104.2300033569336,457.989990234375,,11.416288194031626,494.0899963378906
2025-04-16,125.20999908447266,129.3800048828125,35.25,102.05000305175781,444.17999267578125,,11.416288194031626,483.2300109863281
2025-04-17,126.77999877929688,130.38999938964844,35.84000015258789,103.37000274658203,444.1000061035156,,11.416288194031626,483.8999938964844
2025-04-18,,,,,,,11.618345805671746,
2025-04-21,119.62999725341797,120.22000122070312,34.779998779296875,97.94999694824219,433.1099853515625,,11.618345805671746,472.3699951171875
2025-04-22,123.70999908447266,124.91000366210938,35.689998626708984,102.27999877929688,444.4800109863281,,11.618345805671746,484.2900085449219
2025-04-23,126.55000305175781,127.0,36.59000015258789,106.80999755859375,454.55999755859375,,11.618345805671746,492.07000732421875
2025-04-24,133.32000732421875,134.5500030517578,38.790000915527344,113.25,467.3500061035156,,11.618345805671746,502.4100036621094
2025-04-25,133.39999389648438,132.86000061035156,39.029998779296875,113.62999725341797,472.55999755859375,,11.618345805671746,506.1099853515625
2025-04-28,136.36000061035156,133.5800018310547,39.099998474121094,113.93000030517578,472.4100036621094,,11.618345805671746,506.4200134277344
2025-04-29,137.5500030517578,133.5399932861328,39.130001068115234,114.3499984741211,475.5299987792969,,11.618345805671746,509.489990234375
2025-04-30,136.47999572753906,131.7100067138672,38.63999938964844,114.2699966430664,475.4700012207031,,11.618345805671746,509.739990234375
2025-05-01,137.88999938964844,133.38999938964844,39.15999984741211,114.48999786376953,481.67999267578125,,11.618345805671746,513.3499755859375
2025-05-02,135.3699951171875,137.4199981689453,40.7599983215332,116.93000030517578,488.8299865722656,,11.743062166137172,520.7100219726562
2025-05-05,133.97999572753906,136.11000061035156,40.5,114.79000091552734,485.92999267578125,,11.743062166137172,517.989990234375
2025-05-06,129.30999755859375,134.0,39.970001220703125,113.6500015258789,481.4100036621094,,11.743062166137172,513.5800170898438
2025-05-07,129.33999633789062,136.13999938964844,39.95000076293945,116.20999908447266,483.29998779296875,,11.743062166137172,515.9000244140625
2025-05-08,133.19000244140625,139.80999755859375,41.2599983215332,118.7300033569336,488.2900085449219,,11.743062166137172,519.3400268554688
2025-05-09,132.4600067138672,139.38999938964844,42.040000915527344,118.08000183105469,487.9700012207031,,11.84156071876835,518.6500244140625
2025-05-12,143.4499969482422,149.0,45.619998931884766,125.22000122070312,507.8500061035156,,11.84156071876835,535.9199829101562
2025-05-13,145.07000732421875,148.60000610351562,45.970001220703125,126.9000015258789,515.5900268554688,,11.84156071876835,539.4400024414062
2025-05-14,144.24000549316406,148.4199981689453,47.04999923706055,129.02999877929688,518.6799926757812,,11.84156071876835,540.1099853515625
2025-05-15,143.99000549316406,146.75,47.0,125.63999938964844,519.25,,11.84156071876835,542.760009765625
2025-05-16,143.83999633789062,146.6999969482422,47.41999816894531,125.9000015258789,521.510009765625,,11.923494315012054,546.260009765625
2025-05-19,142.61000061035156,145.4499969482422,47.900001525878906,125.48999786376953,522.010009765625,,11.923494315012054,546.8200073242188
2025-05-20,139.2899932861328,144.1999969482422,46.709999084472656,124.13999938964844,520.27001953125,,11.923494315012054,544.8800048828125
2025-05-21,130.67999267578125,137.49000549316406,43.849998474121094,117.76000213623047,513.0399780273438,,11.923494315012054,535.77001953125
2025-05-22,130.80999755859375,136.92999267578125,44.43000030517578,118.19999694824219,514.0,,11.923494315012054,536.02001953125
2025-05-23,130.8699951171875,136.1199951171875,44.27000045776367,117.18000030517578,509.239990234375,,12.00064041814253,532.4000244140625
2025-05-27,133.1699981689453,139.3000030517578,46.13999938964844,120.91999816894531,521.219970703125,,12.00064041814253,543.3400268554688
2025-05-28,131.50999450683594,138.41000366210938,45.75,121.04000091552734,518.9099731445312,,12.00064041814253,540.239990234375
2025-05-29,131.6999969482422,138.8800048828125,45.880001068115234,122.33000183105469,519.9299926757812,,12.00064041814253,542.3200073242188
2025-05-30,130.69000244140625,138.75999450683594,45.20000076293945,121.45999908447266,519.1099853515625,,12.00064041814253,541.760009765625
2025-06-02,130.52000427246094,138.80999755859375,45.08000183105469,121.87000274658203,523.2100219726562,,12.04478276648749,544.9099731445312
2025-06-03,131.10000610351562,139.00999450683594,45.27000045776367,120.4800033569336,527.2999877929688,,12.04478276648749,548.0
2025-06-04,130.3000030517578,138.75999450683594,45.09000015258789,120.51000213623047,528.77001953125,,12.04478276648749,547.6500244140625
2025-06-05,130.27999877929688,137.75999450683594,45.2400016784668,120.63999938964844,524.7899780273438,,12.04478276648749,545.0900268554688
2025-06-06,133.4499969482422,140.4499969482422,46.279998779296875,123.4000015258789,529.9199829101562,,12.04478276648749,550.6599731445312
2025-06-09,133.50999450683594,139.97999572753906,46.58000183105469,123.25,530.7000122070312,,12.04478276648749,551.25
2025-06-10,135.6199951171875,142.9600067138672,46.81999969482422,124.0199966430664,534.2100219726562,,12.04478276648749,554.3900146484375
2025-06-11,138.02999877929688,141.38999938964844,47.43000030517578,126.0,532.4099731445312,,12.04478276648749,552.8599853515625
2025-06-12,138.11000061035156,140.7899932861328,47.720001220703125,125.23999786376953,533.6599731445312,,12.04478276648749,554.9500122070312
2025-06-13,132.11000061035156,136.41000366210938,46.189998626708984,121.33000183105469,526.9600219726562,,12.04478276648749,548.77001953125
2025-06-16,134.10000610351562,138.25999450683594,47.040000915527344,123.4000015258789,534.2899780273438,,12.067896667710144,554.0700073242188
2025-06-17,132.36000061035156,135.69000244140625,46.099998474121094,121.05999755859375,529.0800170898438,,12.067896667710144,549.3499755859375
2025-06-18,133.08999633789062,137.49000549316406,47.06999969482422,122.41999816894531,528.989990234375,,12.067896667710144,549.239990234375
2025-06-20,134.52000427246094,137.69000244140625,46.86000061035156,122.5999984741211,526.8300170898438,,12.067896667710144,547.719970703125
2025-06-23,134.02999877929688,138.32000732421875,47.209999084472656,122.13999938964844,531.6500244140625,,12.067896667710144,553.3599853515625
2025-06-24,139.91000366210938,144.0500030517578,49.130001068115234,127.7699966430664,539.780029296875,,12.067896667710144,559.4400024414062
2025-06-25,137.72999572753906,143.57000732421875,49.130001068115234,128.83999633789062,541.1599731445312,,12.067896667710144,559.719970703125
2025-06-26,139.35000610351562,148.17999267578125,50.66999816894531,131.94000244140625,546.219970703125,,12.067896667710144,564.1500244140625
2025-06-27,142.9199981689453,151.11000061035156,51.16999816894531,134.2899932861328,548.0900268554688,,12.067896667710144,566.9500122070312
2025-06-30,141.8699951171875,149.5800018310547,51.400001525878906,133.02999877929688,551.6400146484375,,12.092134885556876,568.030029296875
2025-07-01,141.6300048828125,152.77000427246094,52.81999969482422,132.4499969482422,546.989990234375,,12.092134885556876,567.77001953125
2025-07-02,142.77999877929688,153.55999755859375,54.45000076293945,134.52999877929688,550.7999877929688,,12.092134885556876,570.2899780273438
2025-07-03,144.47000122070312,155.1300048828125,55.70000076293945,138.60000610351562,556.219970703125,,12.092134885556876,575.219970703125
2025-07-07,141.52999877929688,152.99000549316406,54.9900016784668,135.5399932861328,552.030029296875,,12.092134885556876,570.6099853515625
2025-07-08,145.00999450683594,156.35000610351562,55.79999923706055,137.94000244140625,552.3400268554688,,12.092134885556876,570.22998046875
2025-07-09,146.64999389648438,158.67999267578125,56.869998931884766,139.22000122070312,556.25,,12.092134885556876,573.6099853515625
2025-07-10,148.2100067138672,164.05999755859375,58.5,143.0500030517578,555.4500122070312,,12.092134885556876,575.2899780273438
2025-07-11,147.17999267578125,162.0,58.349998474121094,141.0500030517578,554.2000122070312,,12.092269953794869,573.219970703125
2025-07-14,148.52999877929688,163.36000061035156,58.970001220703125,139.42999267578125,556.2100219726562,,12.128343905354624,574.3499755859375
2025-07-15,145.72000122070312,159.8000030517578,57.63999938964844,137.2100067138672,556.719970703125,,12.128343905354624,571.8599853515625
2025-07-16,152.7100067138672,165.9199981689453,58.189998626708984,143.0500030517578,557.2899780273438,,12.128343905354624,573.739990234375
2025-07-17,156.0500030517578,172.49000549316406,60.11000061035156,147.60000610351562,561.7999877929688,,12.128343905354624,577.1799926757812
2025-07-18,152.0,168.72000122070312,60.16999816894531,145.97999572753906,561.260009765625,,12.128343905354624,576.9199829101562
2025-07-21,148.69000244140625,166.69000244140625,59.7400016784668,144.27999877929688,564.1699829101562,,12.128343905354624,577.9500122070312
2025-07-22,149.64999389648438,169.3800048828125,59.709999084472656,144.97000122070312,561.25,,12.128343905354624,577.9500122070312
2025-07-23,151.85000610351562,171.9600067138672,61.04999923706055,148.25999450683594,563.8099975585938,,12.128343905354624,582.8599853515625
2025-07-24,151.63999938964844,178.11000061035156,62.310001373291016,150.19000244140625,565.010009765625,,12.128343905354624,583.260009765625
2025-07-25,151.1300048828125,178.10000610351562,63.45000076293945,152.16000366210938,566.3699951171875,,12.175389272586967,585.5800170898438
2025-07-28,148.6999969482422,176.94000244140625,62.95000076293945,152.14999389648438,568.1400146484375,,12.175389272586967,585.4400024414062
2025-07-29,147.82000732421875,177.0399932861328,62.70000076293945,151.0,567.260009765625,,12.175389272586967,583.9199829101562
2025-07-30,145.4600067138672,175.33999633789062,61.970001220703125,150.42999267578125,568.02001953125,,12.175389272586967,583.2100219726562
2025-07-31,145.32000732421875,172.9600067138672,60.65999984741211,146.5800018310547,565.010009765625,,12.175389272586967,581.02001953125
2025-08-01,138.2899932861328,170.39999389648438,58.709999084472656,142.5500030517578,553.8800048828125,,12.224422591131,571.4500122070312
2025-08-04,142.02000427246094,170.5,60.43000030517578,145.1300048828125,564.0999755859375,,12.224422591131,580.1400146484375
2025-08-05,145.5399932861328,167.67999267578125,60.099998474121094,142.66000366210938,560.27001953125,,12.224422591131,577.3499755859375
2025-08-06,145.8699951171875,169.35000610351562,62.900001525878906,144.55999755859375,567.3200073242188,,12.224422591131,581.6400146484375
2025-08-07,141.11000061035156,167.63999938964844,61.56999969482422,142.19000244140625,569.239990234375,,12.224422591131,581.2899780273438
2025-08-08,141.97000122070312,168.91000366210938,62.22999954223633,142.6699981689453,574.5499877929688,,12.262999993706671,585.739990234375
2025-08-11,142.1199951171875,170.07000732421875,62.400001525878906,141.57000732421875,572.8499755859375,,12.295807030692368,584.5399780273438
2025-08-12,144.60000610351562,173.74000549316406,64.76000213623047,147.24000549316406,580.0499877929688,,12.295807030692368,590.780029296875
2025-08-13,140.9499969482422,176.6199951171875,65.43000030517578,147.4600067138672,580.3400268554688,,12.295807030692368,592.8400268554688
2025-08-14,140.67999267578125,174.67999267578125,64.91000366210938,146.05999755859375,579.8900146484375,,12.295807030692368,592.8499755859375
2025-08-15,139.38999938964844,171.6199951171875,63.86000061035156,142.27999877929688,577.3400268554688,,12.327613416888994,591.5700073242188
2025-08-18,139.38999938964844,169.22000122070312,63.45000076293945,141.1999969482422,577.1099853515625,,12.327613416888994,591.3599853515625
2025-08-19,137.0800018310547,167.2899932861328,62.58000183105469,138.9499969482422,569.280029296875,,12.327613416888994,588.1300048828125
2025-08-20,135.33999633789062,164.47000122070312,61.34000015258789,138.08999633789062,565.9000244140625,,12.327613416888994,586.5800170898438
2025-08-21,134.00999450683594,163.44000244140625,62.29999923706055,137.83999633789062,563.280029296875,,12.327613416888994,584.27001953125
2025-08-22,134.1999969482422,170.5,64.70999908447266,141.77000427246094,571.969970703125,,12.356025011301364,593.2100219726562
2025-08-25,133.88999938964844,169.5,63.66999816894531,138.7100067138672,570.3200073242188,,12.356025011301364,590.7000122070312
2025-08-26,134.39999389648438,171.42999267578125,64.87000274658203,140.0800018310547,572.6099853515625,,12.356025011301364,593.0599975585938
2025-08-27,135.72000122070312,171.63999938964844,64.72000122070312,140.47000122070312,573.489990234375,,12.356025011301364,594.4199829101562
2025-08-28,136.38999938964844,172.02000427246094,64.41999816894531,140.08999633789062,577.0800170898438,,12.356025011301364,596.52001953125
2025-08-29,136.22999572753906,171.39999389648438,64.55999755859375,139.49000549316406,570.4000244140625,,12.382045203078475,593.0800170898438
2025-09-02,135.83999633789062,169.5500030517578,64.43000030517578,138.74000549316406,565.6199951171875,,12.382045203078475,588.7100219726562
2025-09-03,132.6300048828125,167.33999633789062,63.380001068115234,134.8300018310547,570.0700073242188,,12.382045203078475,591.719970703125
2025-09-04,134.75999450683594,169.89999389648438,64.93000030517578,137.35000610351562,575.22998046875,,12.382045203078475,596.5900268554688
2025-09-05,131.5500030517578,169.99000549316406,63.75,135.52999877929688,576.0599975585938,,12.382045203078475,594.9600219726562
2025-09-08,134.44000244140625,173.3000030517578,64.1500015258789,138.69000244140625,578.8699951171875,,12.487888623964833,596.5
2025-09-09,134.4199981689453,173.1699981689453,63.630001068115234,137.38999938964844,580.510009765625,,12.487888623964833,597.9500122070312
2025-09-10,133.63999938964844,178.22999572753906,65.61000061035156,139.2899932861328,580.7000122070312,,12.487888623964833,599.6799926757812
2025-09-11,136.39999389648438,183.9199981689453,67.4000015258789,145.00999450683594,584.0800170898438,,12.487888623964833,604.5700073242188
2025-09-12,138.02999877929688,181.35000610351562,66.5999984741211,143.33999633789062,586.6599731445312,,12.584205478866135,604.4400024414062
2025-09-15,138.47999572753906,183.8000030517578,66.80000305175781,144.64999389648438,591.6799926757812,,12.584205478866135,607.5900268554688
2025-09-16,140.0500030517578,183.72000122070312,66.9800033569336,144.3800048828125,591.1799926757812,,12.584205478866135,606.7899780273438
2025-09-17,138.82000732421875,183.6199951171875,67.56999969482422,144.39999389648438,590.0,,12.584205478866135,606.0900268554688
2025-09-18,143.49000549316406,188.67999267578125,69.3499984741211,149.33999633789062,595.3200073242188,,13.612372088593915,608.9400024414062
2025-09-19,144.75,187.6199951171875,68.16999816894531,148.9199981689453,599.3499755859375,,13.64003601392958,611.780029296875
2025-09-22,143.9600067138672,185.63999938964844,67.79000091552734,146.9499969482422,602.2000122070312,,13.64003601392958,614.760009765625
2025-09-23,144.88999938964844,184.91000366210938,67.19999694824219,147.25,598.2000122070312,,13.64003601392958,611.5399780273438
2025-09-24,137.16000366210938,178.0800018310547,64.0,137.94000244140625,596.0999755859375,,13.64003601392958,609.5
2025-09-25,136.1300048828125,175.60000610351562,63.650001525878906,135.66000366210938,593.530029296875,,13.64003601392958,606.5900268554688
2025-09-26,137.6300048828125,175.32000732421875,63.9900016784668,134.00999450683594,595.969970703125,,13.665138860883697,610.1599731445312
2025-09-29,138.44000244140625,176.13999938964844,64.88999938964844,134.47999572753906,598.72998046875,,13.665138860883697,610.1300048828125
2025-09-30,133.27000427246094,170.85000610351562,62.70000076293945,129.9499969482422,600.3699951171875,,13.665138860883697,612.3800048828125
2025-10-01,129.9499969482422,168.10000610351562,60.779998779296875,127.47000122070312,603.25,,13.665138860883697,614.5700073242188
2025-10-02,127.2300033569336,166.5800018310547,61.720001220703125,124.62999725341797,605.72998046875,,13.665138860883697,615.25
2025-10-03,125.88999938964844,168.4499969482422,63.47999954223633,127.6500015258789,603.1799926757812,,13.690732172043308,615.2999877929688
2025-10-06,126.69999694824219,166.88999938964844,63.349998474121094,126.87000274658203,607.7100219726562,,13.690732172043308,617.4000244140625
2025-10-07,126.05000305175781,164.91000366210938,61.61000061035156,124.72000122070312,604.510009765625,,13.690732172043308,615.2000122070312
2025-10-08,124.80000305175781,162.4600067138672,60.54999923706055,124.7300033569336,611.4400024414062,,13.690732172043308,618.77001953125
2025-10-09,123.54000091552734,160.64999389648438,59.099998474121094,124.05999755859375,610.7000122070312,,13.690732172043308,617.0999755859375
2025-10-10,118.22000122070312,153.77000427246094,56.130001068115234,117.81999969482422,589.5,,13.715692809615803,600.510009765625
2025-10-13,122.44000244140625,158.16000366210938,58.400001525878906,120.44000244140625,602.010009765625,,13.715692809615803,609.6099853515625
2025-10-14,127.63999938964844,163.97999572753906,59.599998474121094,125.9800033569336,598.0,,13.715692809615803,608.75
2025-10-15,127.69999694824219,163.91000366210938,59.400001525878906,124.45999908447266,602.219970703125,,13.715692809615803,611.4299926757812
2025-10-16,120.83999633789062,157.97000122070312,56.9900016784668,117.5199966430664,599.989990234375,,13.715692809615803,607.3900146484375
2025-10-17,121.37999725341797,156.30999755859375,57.13999938964844,117.5999984741211,603.9299926757812,,13.715692809615803,610.760009765625
2025-10-20,125.19000244140625,160.44000244140625,58.290000915527344,120.11000061035156,611.5399780273438,,13.744328569573675,617.1699829101562
2025-10-21,125.9800033569336,161.42999267578125,58.09000015258789,123.68000030517578,611.3800048828125,,13.744328569573675,617.0900268554688
2025-10-22,126.52999877929688,161.72000122070312,58.06999969482422,123.30000305175781,605.489990234375,,13.744328569573675,613.969970703125
2025-10-23,123.05000305175781,154.97999572753906,57.54999923706055,120.95999908447266,610.5800170898438,,13.744328569573675,617.4400024414062
2025-10-24,125.0,154.60000610351562,58.47999954223633,121.23999786376953,617.0999755859375,,13.744328569573675,622.5499877929688
2025-10-27,126.37000274658203,153.85000610351562,58.220001220703125,122.26000213623047,628.0900268554688,,13.772208592643626,630.0
2025-10-28,124.47000122070312,151.69000244140625,57.709999084472656,120.61000061035156,632.9199829101562,,13.772208592643626,631.6900024414062
2025-10-29,124.87999725341797,148.9199981689453,57.59000015258789,118.55000305175781,635.77001953125,,13.772208592643626,631.9500122070312
2025-10-30,123.44999694824219,148.38999938964844,56.56999969482422,118.11000061035156,626.0499877929688,,13.772208592643626,625.239990234375
2025-10-31,124.30999755859375,146.63999938964844,53.31999969482422,118.33000183105469,629.0700073242188,,13.79851697131371,627.0399780273438
2025-11-03,123.94999694824219,144.4199981689453,51.810001373291016,117.62999725341797,632.0800170898438,,13.79851697131371,628.27001953125
2025-11-04,130.50999450683594,142.85000610351562,51.15999984741211,118.29000091552734,619.25,,13.79851697131371,620.989990234375
2025-11-05,133.75,144.32000732421875,52.04999923706055,118.88999938964844,623.280029296875,,13.79851697131371,622.8599853515625
2025-11-06,128.97999572753906,143.42999267578125,52.4900016784668,119.30999755859375,611.6699829101562,,13.79851697131371,616.239990234375
2025-11-07,132.3699951171875,145.94000244140625,52.43000030517578,121.31999969482422,609.739990234375,,13.82384645059081,616.8900146484375
2025-11-10,130.9199981689453,144.3000030517578,52.5,120.11000061035156,623.22998046875,,13.82384645059081,626.469970703125
2025-11-11,132.8800048828125,144.97999572753906,53.900001525878906,121.36000061035156,621.5700073242188,,13.82384645059081,627.9099731445312
2025-11-12,133.5800018310547,144.36000061035156,55.06999969482422,123.06999969482422,621.0800170898438,,13.82384645059081,628.219970703125
2025-11-13,128.7100067138672,139.52999877929688,53.40999984741211,120.75,608.4000244140625,,13.82384645059081,617.989990234375
2025-11-14,130.60000610351562,141.44000244140625,53.33000183105469,119.91999816894531,608.8599853515625,,13.82384645059081,617.8300170898438
2025-11-17,124.33999633789062,138.4199981689453,51.380001068115234,114.0199966430664,603.6599731445312,,13.82384645059081,612.0399780273438
2025-11-18,124.31999969482422,136.52999877929688,51.66999816894531,114.18000030517578,596.3099975585938,,13.8515448182992,607.0
2025-11-19,127.19999694824219,138.64999389648438,51.970001220703125,117.5,599.8699951171875,,13.8515448182992,609.2000122070312
2025-11-20,126.76000213623047,138.4199981689453,50.779998779296875,114.41000366210938,585.6699829101562,,13.8515448182992,599.9600219726562
2025-11-21,130.02000427246094,142.6699981689453,51.720001220703125,118.66999816894531,590.0700073242188,,13.878262018991554,605.9299926757812
2025-11-24,130.10000610351562,141.4199981689453,51.95000076293945,117.8499984741211,605.1599731445312,,13.878262018991554,614.9400024414062
2025-11-25,130.6199951171875,143.42999267578125,52.63999938964844,120.80999755859375,608.8900146484375,,13.878262018991554,620.6599731445312
2025-11-26,130.27000427246094,144.9199981689453,53.5,120.83000183105469,614.27001953125,,13.878262018991554,624.9500122070312
2025-11-28,131.85000610351562,146.4199981689453,54.529998779296875,122.30999755859375,619.25,,13.878262018991554,628.4099731445312
2025-12-01,131.38999938964844,146.35000610351562,54.060001373291016,122.19000244140625,617.1699829101562,,13.878262018991554,625.52001953125
2025-12-02,132.0800018310547,146.74000549316406,54.040000915527344,122.68000030517578,622.0,,13.904363949056748,626.5800170898438
2025-12-03,134.5,151.52000427246094,55.790000915527344,126.4800033569336,623.52001953125,,13.904363949056748,628.77001953125
2025-12-04,136.75,151.38999938964844,56.29999923706055,128.42999267578125,622.9400024414062,,13.904363949056748,629.2999877929688
2025-12-05,138.1300048828125,152.14999389648438,57.11000061035156,129.4199981689453,625.47998046875,,13.904363949056748,630.47998046875
2025-12-08,137.3800048828125,151.3699951171875,56.220001220703125,130.24000549316406,624.280029296875,,13.904363949056748,628.6099853515625
2025-12-09,143.88999938964844,156.02000427246094,57.63999938964844,135.77999877929688,625.0499877929688,,13.904363949056748,628.0999755859375
2025-12-10,149.0800018310547,156.60000610351562,59.72999954223633,141.5399932861328,627.6099853515625,,13.904363949056748,632.1599731445312
2025-12-11,150.3300018310547,154.11000061035156,60.18000030517578,142.77000427246094,625.5800170898438,,13.904363949056748,633.7100219726562
2025-12-12,148.0500030517578,151.17999267578125,58.349998474121094,136.60000610351562,613.6199951171875,,13.930345236200449,626.8699951171875
2025-12-15,146.8300018310547,150.33999633789062,57.79999923706055,134.80999755859375,610.5399780273438,,13.930345236200449,625.9600219726562
2025-12-16,147.14999389648438,152.08999633789062,57.779998779296875,133.3800048828125,611.75,,13.930345236200449,624.2100219726562
2025-12-17,146.39999389648438,153.19000244140625,58.02000045776367,132.14999389648438,600.4099731445312,,13.930345236200449,617.3499755859375
2025-12-18,146.3000030517578,153.72999572753906,58.849998474121094,131.97000122070312,609.1099853515625,,13.930345236200449,622.010009765625
2025-12-19,146.33999633789062,151.58999633789062,59.540000915527344,130.61000061035156,617.0499877929688,,13.966709772502703,627.5599975585938
2025-12-22,148.88999938964844,155.8300018310547,61.68000030517578,131.4199981689453,619.2100219726562,,13.966709772502703,629.72998046875
2025-12-23,148.3699951171875,155.16000366210938,60.91999816894531,131.0,622.1099853515625,,13.966709772502703,632.6699829101562
2025-12-24,148.85000610351562,155.57000732421875,60.9900016784668,130.77999877929688,623.9299926757812,,13.966709772502703,634.780029296875
2025-12-26,148.52000427246094,155.41000366210938,61.09000015258789,130.41000366210938,623.8900146484375,,13.966709772502703,634.8400268554688
2025-12-29,147.27000427246094,155.1300048828125,60.33000183105469,129.4199981689453,620.8699951171875,,14.001796625962402,632.5999755859375
2025-12-30,146.05999755859375,154.77999877929688,60.130001068115234,128.63999938964844,619.4299926757812,,14.001796625962402,631.719970703125
2025-12-31,144.75999450683594,154.13999938964844,59.11000061035156,127.4800033569336,614.3099975585938,,14.001796625962402,627.1300048828125
2026-01-02,146.61000061035156,158.8000030517578,60.86000061035156,128.89999389648438,613.1199951171875,,14.001796625962402,628.2999877929688
2026-01-05,149.75999450683594,162.35000610351562,64.02999877929688,134.57000732421875,617.989990234375,,14.032947366715616,632.4600219726562
2026-01-06,152.6999969482422,162.64999389648438,65.6500015258789,135.82000732421875,623.4199829101562,,14.032947366715616,636.2100219726562
2026-01-07,144.27999877929688,153.58999633789062,63.709999084472656,130.8300018310547,624.02001953125,,14.032947366715616,634.1699829101562
2026-01-08,146.19000244140625,155.3000030517578,64.68000030517578,133.63999938964844,620.469970703125,,14.032947366715616,634.0599975585938
2026-01-09,145.82000732421875,157.6199951171875,65.41000366210938,134.64999389648438,626.6500244140625,,14.098946054084099,638.3099975585938
2026-01-12,143.91000366210938,156.5800018310547,65.80999755859375,133.97000122070312,627.1699829101562,,14.098946054084099,639.3400268554688
2026-01-13,143.24000549316406,155.25,65.48999786376953,130.0800018310547,626.239990234375,,14.098946054084099,638.030029296875
2026-01-14,144.05999755859375,158.7100067138672,65.55999755859375,132.0800018310547,619.5499877929688,,14.098946054084099,634.9400024414062
2026-01-15,144.14999389648438,160.80999755859375,66.12000274658203,131.32000732421875,621.780029296875,,14.098946054084099,636.6199951171875
2026-01-16,143.8800048828125,163.5,65.62000274658203,131.4199981689453,621.260009765625,,14.134965046976573,636.0900268554688
2026-01-20,138.63999938964844,153.91000366210938,61.810001373291016,122.9000015258789,608.0599975585938,,14.134965046976573,623.1500244140625
2026-01-21,139.52999877929688,155.97000122070312,62.41999816894531,124.33000183105469,616.280029296875,,14.134965046976573,630.2899780273438
2026-01-22,139.72999572753906,154.91000366210938,62.349998474121094,123.4800033569336,620.760009765625,,14.134965046976573,633.5700073242188
2026-01-23,136.30999755859375,150.47999572753906,61.279998779296875,121.25,622.719970703125,,14.134965046976573,633.8300170898438
2026-01-26,131.55999755859375,150.07000732421875,61.209999084472656,118.6500015258789,625.4600219726562,,14.172131244111917,637.0900268554688
2026-01-27,131.72000122070312,148.41000366210938,60.31999969482422,116.0,631.1300048828125,,14.172131244111917,639.7000122070312
2026-01-28,132.88999938964844,146.7899932861328,60.540000915527344,116.7699966430664,633.219970703125,,14.172131244111917,639.5999755859375
2026-01-29,134.49000549316406,142.94000244140625,59.5,114.9800033569336,629.4299926757812,,14.635788989555131,638.27001953125
2026-01-30,134.5399932861328,142.4199981689453,58.779998779296875,114.26000213623047,621.8699951171875,,14.676152009681626,636.219970703125
2026-02-02,133.19000244140625,141.27999877929688,60.36000061035156,114.36000061035156,626.1400146484375,,14.676152009681626,639.6799926757812
2026-02-03,126.8499984741211,133.8800048828125,58.27000045776367,103.27999877929688,616.52001953125,,14.676152009681626,634.1500244140625
2026-02-04,132.8000030517578,134.5399932861328,58.38999938964844,104.7699966430664,605.75,,14.676152009681626,630.9099731445312
2026-02-05,126.08000183105469,126.83000183105469,55.40999984741211,99.16999816894531,597.030029296875,,14.676152009681626,623.0999755859375
2026-02-06,133.02999877929688,129.69000244140625,58.709999084472656,103.19999694824219,609.6500244140625,,14.716693750244145,635.239990234375
2026-02-09,133.9499969482422,131.4199981689453,59.209999084472656,107.29000091552734,614.3200073242188,,14.716693750244145,638.22998046875
2026-02-10,132.42999267578125,133.82000732421875,57.68000030517578,107.20999908447266,611.469970703125,,14.716693750244145,636.4400024414062
2026-02-11,126.94999694824219,133.47000122070312,53.540000915527344,105.05999755859375,613.1099853515625,,14.716693750244145,636.3499755859375
2026-02-12,125.37000274658203,129.77000427246094,54.45000076293945,101.12000274658203,600.6400146484375,,14.716693750244145,626.489990234375
2026-02-13,125.06999969482422,129.86000061035156,54.4900016784668,101.7300033569336,601.9199829101562,,14.756067018032011,626.8900146484375
2026-02-17,125.1500015258789,131.38999938964844,54.2400016784668,102.55000305175781,601.2999877929688,,14.756067018032011,627.989990234375
2026-02-18,125.36000061035156,132.89999389648438,54.900001525878906,103.5999984741211,605.7899780273438,,14.756067018032011,631.1500244140625
2026-02-19,118.33999633789062,125.76000213623047,52.97999954223633,101.63999938964844,603.469970703125,,15.107586419494403,629.530029296875
2026-02-20,119.72000122070312,121.2699966430664,53.22999954223633,101.18000030517578,608.8099975585938,,15.107586419494403,634.02001953125
2026-02-23,113.7300033569336,113.70999908447266,49.52000045776367,92.19000244140625,601.4099731445312,,15.138717558076184,627.6300048828125
2026-02-24,114.12999725341797,116.41000366210938,50.88999938964844,95.72000122070312,607.8699951171875,,15.138717558076184,632.2100219726562
2026-02-25,117.20999908447266,118.22000122070312,51.54999923706055,96.62999725341797,616.6799926757812,,15.138717558076184,637.530029296875
2026-02-26,114.4000015258789,117.94999694824219,54.459999084472656,93.62000274658203,609.239990234375,,15.138717558076184,633.9500122070312
2026-02-27,104.5999984741211,113.37000274658203,51.9900016784668,87.68000030517578,607.2899780273438,,15.138717558076184,631.0399780273438
2026-03-02,106.44999694824219,115.33000183105469,52.40999984741211,90.61000061035156,608.0900268554688,,15.138717558076184,631.280029296875
2026-03-03,107.08000183105469,110.91999816894531,51.65999984741211,90.55000305175781,601.5800170898438,,15.138717558076184,625.719970703125
2026-03-04,109.79000091552734,114.13999938964844,52.5,93.83000183105469,610.75,,15.138717558076184,630.1799926757812
2026-03-05,111.23999786376953,115.55000305175781,51.66999816894531,95.58999633789062,608.9099731445312,,15.138717558076184,626.8099975585938
2026-03-06,108.69999694824219,110.4000015258789,48.900001525878906,91.33000183105469,599.75,,15.138717558076184,618.4299926757812
2026-03-09,108.13999938964844,110.6500015258789,48.81999969482422,90.94000244140625,607.760009765625,,15.138717558076184,623.7999877929688
2026-03-10,108.16999816894531,109.95999908447266,48.45000076293945,89.95999908447266,607.77001953125,,15.138717558076184,622.719970703125
2026-03-11,106.0999984741211,107.25,47.08000183105469,87.12999725341797,607.6900024414062,,15.138717558076184,622.030029296875
2026-03-12,100.30000305175781,102.12000274658203,45.310001373291016,83.87999725341797,597.260009765625,,15.138717558076184,612.5
2026-03-13,104.44000244140625,106.77999877929688,45.63999938964844,85.93000030517578,593.719970703125,,15.138717558076184,609.0900268554688
2026-03-16,103.44999694824219,107.12000274658203,46.380001068115234,86.0999984741211,600.3800048828125,,15.138717558076184,615.1900024414062
2026-03-17,108.88999938964844,112.0,47.869998931884766,88.97000122070312,603.3099975585938,,15.138717558076184,616.8900146484375
2026-03-18,111.19999694824219,113.52999877929688,47.720001220703125,90.62999725341797,594.9000244140625,,15.138717558076184,608.3800048828125
2026-03-19,111.37000274658203,113.47000122070312,47.720001220703125,90.5999984741211,593.02001953125,,76.16000366210938,606.75
2026-03-20,112.0,110.43000030517578,47.130001068115234,90.0,582.0599975585938,,117.69999694824219,597.9400024414062
2026-03-23,110.44999694824219,109.3499984741211,47.68000030517578,90.83999633789062,588.0,,191.80999755859375,604.4299926757812
2026-03-24,111.25,107.9800033569336,47.2599983215332,90.91000366210938,583.97998046875,,314.989990234375,602.3800048828125
2026-03-25,109.80000305175781,108.37999725341797,47.0099983215332,88.91000366210938,587.8200073242188,,380.0,605.6599731445312
2026-03-26,109.9800033569336,109.62999725341797,46.77000045776367,89.98999786376953,573.7899780273438,,262.0,594.9199829101562
2026-03-27,108.41999816894531,108.06999969482422,45.66999816894531,88.5,562.5800170898438,,173.0,582.9600219726562
2026-03-30,109.94999694824219,111.5999984741211,46.41999816894531,90.36000061035156,558.280029296875,,111.0,580.9299926757812
2026-03-31,111.41999816894531,114.98999786376953,48.38999938964844,92.5,577.1799926757812,,130.9499969482422,597.5499877929688
2026-04-01,110.25,114.33000183105469,47.400001525878906,91.36000061035156,584.3099975585938,,115.0,602.2999877929688
2026-04-02,107.04000091552734,113.05000305175781,46.54999923706055,91.2300033569336,584.97998046875,,113.0,602.989990234375
2026-04-06,106.11000061035156,112.23999786376953,46.869998931884766,91.05000305175781,588.5,,118.0,605.6699829101562
2026-04-07,105.36000061035156,112.7300033569336,47.0,90.75,588.5900268554688,,113.70999908447266,606.0399780273438
2026-04-08,107.05000305175781,117.66999816894531,48.18000030517578,93.95999908447266,606.0900268554688,,119.73999786376953,621.3400268554688
2026-04-09,106.9800033569336,116.9000015258789,48.16999816894531,92.83000183105469,610.1900024414062,,115.0,625.02001953125
2026-04-10,104.27999877929688,114.83000183105469,47.290000915527344,91.22000122070312,611.0700073242188,,112.98999786376953,624.5999755859375
2026-04-13,109.94999694824219,121.81999969482422,49.20000076293945,98.13999938964844,617.3900146484375,,114.05000305175781,630.719970703125
2026-04-14,114.81999969482422,126.33000183105469,51.189998626708984,100.43000030517578,628.5999755859375,,96.01000213623047,638.3499755859375
2026-04-15,120.54000091552734,130.19000244140625,52.060001373291016,103.8499984741211,637.4000244140625,,91.48999786376953,643.4500122070312
2026-04-16,120.80999755859375,128.1300048828125,51.279998779296875,102.0199966430664,640.469970703125,,76.87999725341797,644.8599853515625
2026-04-17,124.62000274658203,129.0800018310547,52.68000030517578,103.5999984741211,648.8499755859375,,84.47000122070312,652.780029296875
2026-04-20,127.33000183105469,128.99000549316406,52.54999923706055,103.91999816894531,646.7899780273438,,91.91999816894531,651.5399780273438
2026-04-21,127.26000213623047,128.5,52.09000015258789,104.44999694824219,644.3300170898438,,89.0,647.25
2026-04-22,129.05999755859375,129.72999572753906,51.279998779296875,105.91999816894531,655.1099853515625,,92.91000366210938,653.9000244140625
2026-04-23,124.7699966430664,122.33000183105469,49.029998779296875,101.63999938964844,651.4199829101562,,89.73999786376953,651.260009765625
2026-04-24,124.26000213623047,121.6500015258789,48.31999969482422,101.83000183105469,663.8800048828125,,85.4800033569336,656.4199829101562
2026-04-27,123.33000183105469,120.37000274658203,47.720001220703125,100.69999694824219,664.22998046875,,85.0,657.5
2026-04-28,123.56999969482422,121.5199966430664,47.720001220703125,101.4000015258789,657.5499877929688,,78.6500015258789,654.260009765625
2026-04-29,122.27999877929688,119.83000183105469,47.810001373291016,99.31999969482422,661.5700073242188,,85.01000213623047,654.239990234375
2026-04-30,128.72000122070312,125.58000183105469,50.06999969482422,104.33999633789062,667.739990234375,,94.79000091552734,660.5800170898438
2026-05-01,130.4600067138672,126.3499984741211,49.439998626708984,103.68000030517578,674.1500244140625,,94.55000305175781,662.52001953125
2026-05-04,129.19000244140625,123.08999633789062,49.970001220703125,103.33000183105469,672.8800048828125,,115.0,660.1199951171875
2026-05-05,130.3000030517578,122.72000122070312,51.290000915527344,102.0,681.6099853515625,,137.7899932861328,665.2999877929688
2026-05-06,129.52999877929688,124.69000244140625,50.79999923706055,100.79000091552734,695.77001953125,,158.97999572753906,674.6599731445312
2026-05-07,127.79000091552734,122.33000183105469,49.0099983215332,100.33999633789062,694.9400024414062,,144.13999938964844,672.5399780273438
2026-05-08,133.1999969482422,123.7699966430664,50.630001068115234,102.5199966430664,711.22998046875,,190.99000549316406,678.0399780273438
2026-05-11,130.4600067138672,121.4000015258789,49.459999084472656,99.45999908447266,713.2899780273438,,276.0,679.52001953125
2026-05-12,131.92999267578125,122.76000213623047,50.040000915527344,99.47000122070312,707.239990234375,,275.0,678.6699829101562
2026-05-13,131.60000610351562,119.62000274658203,49.15999984741211,97.43000030517578,714.7100219726562,,246.00999450683594,682.4099731445312
2026-05-14,135.52000427246094,122.45999908447266,50.040000915527344,99.56999969482422,719.7899780273438,,218.99000549316406,687.72998046875
2026-05-15,135.3800048828125,117.88999938964844,48.02000045776367,96.97000122070312,708.9299926757812,,196.99000549316406,679.4400024414062
2026-05-18,134.07000732421875,117.04000091552734,46.599998474121094,95.97000122070312,705.8800048828125,,234.02999877929688,678.9099731445312
2026-05-19,131.14999389648438,114.26000213623047,45.52000045776367,92.91999816894531,701.530029296875,,230.80999755859375,674.5900268554688
2026-05-20,132.24000549316406,116.83000183105469,45.31999969482422,94.33999633789062,713.1500244140625,,246.0,681.5700073242188
2026-05-21,130.89999389648438,118.56999969482422,45.130001068115234,94.76000213623047,714.510009765625,,289.510009765625,682.8400268554688
2026-05-22,128.50999450683594,118.51000213623047,45.43000030517578,94.04000091552734,717.5399780273438,,263.7799987792969,685.5499877929688
2026-05-26,129.91000366210938,118.12000274658203,45.650001525878906,94.98999786376953,730.280029296875,,252.07000732421875,690.010009765625
2026-05-27,130.27000427246094,118.0,45.65999984741211,95.02999877929688,729.4500122070312,,229.0,689.9600219726562
2026-05-28,127.51000213623047,116.13999938964844,45.09000015258789,94.02999877929688,735.5999755859375,,219.58999633789062,693.9099731445312
2026-05-29,128.7100067138672,116.97000122070312,45.43000030517578,95.94000244140625,738.3099975585938,,211.0,695.489990234375
2026-06-01,128.22000122070312,116.94000244140625,45.099998474121094,95.01000213623047,742.739990234375,,224.99000549316406,697.2999877929688
2026-06-02,128.75999450683594,114.91000366210938,44.4900016784668,94.44999694824219,746.1599731445312,,192.58999633789062,698.260009765625
2026-06-03,124.3499984741211,110.27999877929688,42.2400016784668,90.52999877929688,744.2100219726562,,155.99000549316406,693.3599853515625
2026-06-04,128.41000366210938,118.55000305175781,43.529998779296875,95.45999908447266,740.6099853515625,,166.0,696.0599975585938
2026-06-05,128.02999877929688,115.3499984741211,43.47999954223633,93.4000015258789,705.0599975585938,,136.99000549316406,678.0
2026-06-08,127.56999969482422,114.19000244140625,43.56999969482422,93.20999908447266,716.0700073242188,,147.99000549316406,679.6799926757812
2026-06-09,132.6999969482422,120.29000091552734,45.13999938964844,95.83999633789062,707.8300170898438,,153.5,677.7000122070312
2026-06-10,131.13999938964844,118.4800033569336,44.11000061035156,95.0199966430664,693.6900024414062,,139.99000549316406,667.0499877929688
2026-06-11,133.91000366210938,120.87999725341797,44.54999923706055,95.30000305175781,717.1199951171875,,122.33999633789062,678.22998046875
2026-06-12,133.8800048828125,122.79000091552734,45.75,96.23999786376953,721.3400268554688,,130.0,681.9500122070312
2026-06-15,136.11000061035156,124.62999725341797,46.2400016784668,98.08000183105469,744.0,,110.0,693.8300170898438
2026-06-16,138.47999572753906,127.87000274658203,46.83000183105469,98.97000122070312,729.8599853515625,,91.98999786376953,689.75
2026-06-17,138.91000366210938,125.01000213623047,45.689998626708984,97.16999816894531,722.510009765625,,99.16000366210938,681.4099731445312
2026-06-18,137.5,123.79000091552734,44.79999923706055,97.01000213623047,740.6199951171875,,100.51000213623047,688.1099853515625
2026-06-22,135.2100067138672,123.26000213623047,44.56999969482422,96.9000015258789,737.9500122070312,,90.0,686.0999755859375
2026-06-23,130.61000061035156,120.06999969482422,42.90999984741211,93.5,713.6500244140625,,86.0,676.3400268554688
2026-06-24,122.5999984741211,112.98999786376953,41.060001373291016,91.51000213623047,710.6199951171875,,83.0,675.6900024414062
2026-06-25,121.51000213623047,114.18000030517578,41.900001525878906,92.6500015258789,716.3800048828125,,81.68000030517578,675.7100219726562
2026-06-26,118.29000091552734,115.4000015258789,41.400001525878906,90.12999725341797,706.52001953125,,81.54000091552734,670.260009765625
2026-06-29,114.83000183105469,114.87999725341797,40.52000045776367,88.94000244140625,724.0800170898438,,86.45999908447266,681.010009765625
2026-06-30,118.30999755859375,117.66999816894531,42.11000061035156,91.77999877929688,736.4000244140625,,86.43000030517578,686.8099975585938
2026-07-01,118.44000244140625,119.55000305175781,42.33000183105469,92.55999755859375,725.1699829101562,,87.45999908447266,685.4600219726562
2026-07-02,118.61000061035156,122.77999877929688,42.83000183105469,93.83999633789062,712.5999755859375,,77.55999755859375,684.8400268554688
2026-07-06,122.16999816894531,123.41999816894531,44.040000915527344,95.97000122070312,722.8200073242188,,77.23999786376953,690.6199951171875
2026-07-07,119.33000183105469,120.88999938964844,44.0099983215332,95.13999938964844,709.4299926757812,,65.0199966430664,687.0800170898438
2026-07-08,118.13999938964844,118.62000274658203,43.06999969482422,93.30000305175781,711.4400024414062,,62.04999923706055,685.260009765625
2026-07-09,119.83999633789062,122.1500015258789,44.18000030517578,96.2699966430664,723.280029296875,,69.75,690.6900024414062
2026-07-10,120.33999633789062,123.08999633789062,44.709999084472656,96.94000244140625,725.510009765625,,70.88999938964844,693.8599853515625
2026-07-13,118.83000183105469,122.04000091552734,44.13999938964844,96.91000366210938,711.739990234375,,67.0,688.5
2026-07-14,119.93000030517578,124.55999755859375,45.47999954223633,97.20999908447266,719.6900024414062,,62.310001373291016,691.0999755859375
2026-07-15,121.83000183105469,127.05000305175781,46.11000061035156,100.94999694824219,717.739990234375,,59.08000183105469,693.7999877929688
2026-07-16,123.33999633789062,128.97000122070312,46.630001068115234,102.75,705.9400024414062,,59.5099983215332,690.1400146484375
2026-07-17,120.47000122070312,126.91000366210938,46.06999969482422,100.94000244140625,695.3300170898438,,58.380001068115234,683.1699829101562
2026-07-20,118.23999786376953,123.61000061035156,44.7400016784668,96.97000122070312,696.0599975585938,,57.86000061035156,682.2100219726562
2026-07-21,118.4000015258789,124.1500015258789,44.61000061035156,97.11000061035156,708.969970703125,,59.52000045776367,687.8699951171875
2026-07-22,119.04000091552734,122.81999969482422,44.08000183105469,95.52999877929688,705.3499755859375,,60.11000061035156,687.030029296875
2026-07-23,119.0,124.5,44.40999984741211,95.97000122070312,691.9600219726562,,58.400001525878906,678.6099853515625
2026-07-24,122.61000061035156,130.0,45.400001525878906,99.36000061035156,684.22998046875,,55.619998931884766,679.1400146484375
2026-07-27,124.23999786376953,132.60000610351562,46.279998779296875,101.62999725341797,682.1199951171875,,38.349998474121094,679.3099975585938
2026-07-28,124.69000244140625,133.89999389648438,46.470001220703125,102.66000366210938,675.489990234375,,33.81999969482422,680.9600219726562
2026-07-29,119.7699966430664,129.39999389648438,44.70000076293945,99.27999877929688,661.72998046875,,34.91999816894531,670.6300048828125
2026-07-30,120.25,128.07000732421875,45.36000061035156,100.9800033569336,683.5499877929688,,35.13999938964844,681.7899780273438
2026-07-31,125.58999633789062,127.75,46.02000045776367,101.43000030517578,687.989990234375,,33.0,686.6500244140625
2026-08-03,129.4199981689453,134.67999267578125,48.90999984741211,106.55999755859375,700.0700073242188,,36.400001525878906,696.4000244140625
2026-08-04,133.1999969482422,137.1999969482422,50.63999938964844,108.20999908447266,723.8499755859375,,34.9900016784668,708.97998046875
2026-08-05,129.74000549316406,136.02999877929688,49.84000015258789,105.6500015258789,717.2999877929688,,33.0,707.5999755859375
2026-08-06,127.98999786376953,133.4499969482422,48.880001068115234,103.3499984741211,714.6500244140625,,32.90999984741211,706.4000244140625
2026-08-07,127.44000244140625,137.1300048828125,47.790000915527344,102.80999755859375,723.030029296875,,34.45000076293945,710.7100219726562
2026-08-10,132.02000427246094,141.66000366210938,47.79999923706055,103.83000183105469,720.8699951171875,,32.86000061035156,710.6500244140625
2026-08-11,140.27999877929688,147.1699981689453,48.36000061035156,110.97000122070312,718.4500122070312,,31.700000762939453,708.4199829101562
2026-08-12,138.61000061035156,146.41000366210938,48.27000045776367,110.9000015258789,723.7000122070312,,31.889999389648438,710.1699829101562
2026-08-13,143.5800018310547,149.32000732421875,51.40999984741211,115.30000305175781,732.0700073242188,22.950000762939453,38.5,714.9500122070312
2026-08-14,140.75999450683594,143.92999267578125,49.279998779296875,114.01000213623047,731.0700073242188,24.450000762939453,34.400001525878906,713.6099853515625
2026-08-17,134.5399932861328,140.57000732421875,48.540000915527344,108.83000183105469,729.8699951171875,23.600000381469727,41.0,710.27001953125
2026-08-18,133.85000610351562,140.58999633789062,48.369998931884766,107.19000244140625,717.510009765625,23.639999389648438,41.25,705.4000244140625
2026-08-19,133.6300048828125,145.08999633789062,49.400001525878906,110.45999908447266,716.0800170898438,23.75,40.650001525878906,706.9099731445312
2026-08-20,129.97999572753906,141.35000610351562,47.9900016784668,107.0199966430664,710.9299926757812,23.40999984741211,39.41999816894531,701.010009765625
2026-08-21,132.69000244140625,143.3800048828125,49.369998931884766,108.4800033569336,713.4400024414062,23.239999771118164,42.11000061035156,703.7100219726562
2026-08-24,132.7899932861328,143.63999938964844,49.13999938964844,107.31999969482422,706.3200073242188,22.799999237060547,44.619998931884766,701.8300170898438
2026-08-25,133.17999267578125,143.41000366210938,48.91999816894531,107.58000183105469,710.719970703125,22.690000534057617,44.439998626708984,704.02001953125
2026-08-26,133.6699981689453,143.1999969482422,48.9900016784668,108.5,711.3699951171875,21.899999618530273,42.630001068115234,704.2000122070312
2026-08-27,133.44000244140625,143.63999938964844,49.2400016784668,109.31999969482422,721.1099853515625,23.09000015258789,41.34000015258789,708.75
2026-08-28,135.0399932861328,142.38999938964844,49.09000015258789,108.68000030517578,716.4299926757812,22.280000686645508,39.84000015258789,707.239990234375
2026-08-31,136.5800018310547,143.24000549316406,48.38999938964844,109.72000122070312,716.760009765625,22.6200008392334,34.970001220703125,704.8900146484375
2026-09-01,131.69000244140625,136.66000366210938,46.540000915527344,106.41000366210938,707.6400146484375,22.0,34.2400016784668,700.280029296875
2026-09-02,132.2899932861328,136.82000732421875,47.13999938964844,106.43000030517578,709.239990234375,22.75,35.369998931884766,703.4099731445312
2026-09-03,134.49000549316406,137.67999267578125,47.75,109.76000213623047,717.6699829101562,23.5,36.9900016784668,710.719970703125
2026-09-04,133.6699981689453,136.14999389648438,46.970001220703125,107.7300033569336,718.9600219726562,25.0,36.880001068115234,708.010009765625
2026-09-08,131.80999755859375,133.97000122070312,45.95000076293945,105.7300033569336,718.3599853515625,25.0,38.119998931884766,704.0700073242188
2026-09-09,130.97999572753906,129.07000732421875,44.11000061035156,104.08999633789062,716.3099975585938,24.75,37.59000015258789,700.8699951171875
2026-09-10,127.91000366210938,125.41000366210938,43.06999969482422,100.87000274658203,708.6900024414062,24.25,33.5,696.6500244140625
2026-09-11,128.97999572753906,128.50999450683594,42.34000015258789,101.08000183105469,714.8800048828125,24.299999237060547,33.5,702.5599975585938
2026-09-14,128.30999755859375,128.2899932861328,41.81999969482422,102.2699966430664,709.1799926757812,23.149999618530273,32.34000015258789,699.2999877929688
2026-09-15,127.0,126.69999694824219,41.41999816894531,100.0,704.5399780273438,23.25,30.100000381469727,696.2000122070312
2026-09-16,124.52999877929688,123.44999694824219,40.0099983215332,96.83999633789062,704.719970703125,22.8799991607666,30.389999389648438,693.239990234375
2026-09-17,126.0,125.41000366210938,40.16999816894531,98.19000244140625,716.9199829101562,22.719999313354492,31.170000076293945,701.030029296875
2026-09-18,125.91000366210938,124.95999908447266,40.099998474121094,98.80999755859375,721.4500122070312,22.860000610351562,31.40999984741211,701.780029296875
2026-09-21,127.91000366210938,126.41000366210938,40.86000061035156,100.83000183105469,741.469970703125,22.799999237060547,30.790000915527344,712.780029296875
2026-09-22,124.1500015258789,124.01000213623047,40.22999954223633,98.44000244140625,747.4600219726562,22.739999771118164,30.829999923706055,712.780029296875
2026-09-23,124.36000061035156,119.2699966430664,39.91999816894531,97.20999908447266,741.2100219726562,22.360000610351562,30.600000381469727,707.5999755859375
2026-09-24,120.69000244140625,117.20999908447266,39.41999816894531,95.63999938964844,741.0999755859375,22.399999618530273,30.0,706.989990234375
2026-09-25,121.69000244140625,118.41999816894531,40.029998779296875,96.66999816894531,744.5,22.110000610351562,30.18000030517578,710.7899780273438
2026-09-28,119.0,114.55999755859375,39.52000045776367,93.23999786376953,736.530029296875,21.93000030517578,28.170000076293945,703.6099853515625
2026-09-29,119.0,114.0,39.68000030517578,93.18000030517578,737.9299926757812,22.100000381469727,29.739999771118164,702.4600219726562
2026-09-30,116.05999755859375,112.08999633789062,39.65999984741211,91.30000305175781,739.77001953125,21.549999237060547,29.6200008392334,700.8599853515625
2026-10-01,114.33999633789062,112.23999786376953,40.38999938964844,91.23999786376953,742.030029296875,21.31999969482422,29.8799991607666,702.3499755859375
2026-10-02,114.0199966430664,111.75,39.81999969482422,90.29000091552734,749.5800170898438,21.549999237060547,29.829999923706055,707.5399780273438
2026-10-05,115.3499984741211,111.6500015258789,39.31999969482422,89.95999908447266,756.2000122070312,21.81999969482422,29.799999237060547,712.3200073242188
2026-10-06,115.94999694824219,113.36000061035156,38.880001068115234,90.66999816894531,759.6599731445312,22.850000381469727,29.440000534057617,716.2000122070312
2026-10-07,114.15499877929688,110.79499816894531,37.625,89.05500030517578,754.9500122070312,22.395000457763672,29.010000228881836,712.2449951171875
